[
  {
    "DOI": "10.1063/1.3025886",
    "author": [
      {
        "family": "Itikawa",
        "given": "Yukikazu"
      }
    ],
    "container-title": "J. Phys. Chem. Ref. Data",
    "id": "Itikawa2009",
    "issue": "1",
    "issued": {
      "date-parts": [
        [
          2009
        ]
      ]
    },
    "page": "1-20",
    "title": "Cross sections for electron collisions with oxygen molecules",
    "type": "article-journal",
    "volume": "38"
  },
  {
    "DOI": "10.1080/0144235X.2016.1179002",
    "author": [
      {
        "family": "Campbell",
        "given": "Laurence"
      },
      {
        "family": "Brunger",
        "given": "Michael J."
      }
    ],
    "container-title": "Int. Rev. Phys. Chem.",
    "id": "Campbell2016",
    "issue": "2",
    "issued": {
      "date-parts": [
        [
          2016
        ]
      ]
    },
    "page": "297-351",
    "title": "Electron collisions in atmospheres",
    "type": "article-journal",
    "volume": "35"
  },
  {
    "ISBN": "9781439811801",
    "author": [
      {
        "family": "Hatano",
        "given": "Y."
      },
      {
        "family": "Katsumura",
        "given": "Y."
      },
      {
        "family": "Mozumder",
        "given": "A."
      }
    ],
    "id": "hatano2010charged",
    "issued": {
      "date-parts": [
        [
          2010
        ]
      ]
    },
    "publisher": "CRC Press",
    "title": "Charged particle and photon interactions with matter: Recent advances, applications, and interfaces",
    "title-short": "Charged particle and photon interactions with matter",
    "type": "book"
  },
  {
    "DOI": "10.1063/1.2194827",
    "author": [
      {
        "family": "Bultel",
        "given": "A"
      },
      {
        "family": "Cheron",
        "given": "BG"
      },
      {
        "family": "Bourdon",
        "given": "A"
      },
      {
        "family": "Motapon",
        "given": "O"
      },
      {
        "family": "Schneider",
        "given": "IF"
      }
    ],
    "container-title": "Phys. Plasmas",
    "id": "bultel2006plasma",
    "issue": "4",
    "issued": {
      "date-parts": [
        [
          2006
        ]
      ]
    },
    "page": "043502",
    "title": "Collisional-radiative model in air for earth re-entry problems",
    "type": "article-journal",
    "volume": "13"
  },
  {
    "ISBN": "1-4200-9084-4",
    "author": [
      {
        "family": "Lide",
        "given": "D."
      }
    ],
    "id": "lide2009crc",
    "issued": {
      "date-parts": [
        [
          2009
        ]
      ]
    },
    "publisher": "CRC Press",
    "publisher-place": "Boca Raton",
    "title": "CRC handbook of chemistry and physics: A ready-reference book of chemical and physical data",
    "title-short": "CRC handbook of chemistry and physics",
    "type": "book"
  },
  {
    "ISBN": "978-0-321-89060-3",
    "author": [
      {
        "family": "Levine",
        "given": "Ira"
      }
    ],
    "id": "levine2014quantum",
    "issued": {
      "date-parts": [
        [
          2014
        ]
      ]
    },
    "publisher": "Pearson",
    "publisher-place": "Boston",
    "title": "Quantum chemistry",
    "type": "book"
  },
  {
    "DOI": "10.1103/PhysRevA.2.2182",
    "author": [
      {
        "family": "Boness",
        "given": "M J W"
      },
      {
        "family": "Schulz",
        "given": "G J"
      }
    ],
    "container-title": "Phys. Rev. A",
    "id": "Boness1970",
    "issue": "6",
    "issued": {
      "date-parts": [
        [
          1970
        ]
      ]
    },
    "page": "2182-2186",
    "publisher": "American Physical Society",
    "title": "Structure of O$_{2}$",
    "type": "article-journal",
    "volume": "2"
  },
  {
    "DOI": "10.1515/zna-1971-1008",
    "author": [
      {
        "family": "Linder",
        "given": "F"
      },
      {
        "family": "Schmidt",
        "given": "H"
      }
    ],
    "container-title": "Zeitschrift für Naturforschung A",
    "id": "Linder1971",
    "issue": "10",
    "issued": {
      "date-parts": [
        [
          1971,
          10
        ]
      ]
    },
    "page": "1617-1625",
    "title": "Experimental study of low energy <span class=\"nocase\">e-O$_2$</span> collision processes",
    "type": "article-journal",
    "volume": "26"
  },
  {
    "DOI": "10.1103/PhysRevA.9.1592",
    "author": [
      {
        "family": "Land",
        "given": "James E"
      },
      {
        "family": "Raith",
        "given": "Wilhelm"
      }
    ],
    "container-title": "Phys. Rev. A",
    "id": "Land1974",
    "issue": "4",
    "issued": {
      "date-parts": [
        [
          1974,
          4
        ]
      ]
    },
    "page": "1592-1602",
    "publisher": "American Physical Society",
    "title": "High-resolution measurement of resonances in <span class=\"nocase\">e-O$_2$</span> scattering by electron time-of-flight spectroscopy",
    "type": "article-journal",
    "volume": "9"
  },
  {
    "DOI": "10.1088/0953-4075/21/1/014",
    "author": [
      {
        "family": "Field",
        "given": "D"
      },
      {
        "family": "Mrotzek",
        "given": "G"
      },
      {
        "family": "Knight",
        "given": "D W"
      },
      {
        "family": "Lunt",
        "given": "S"
      },
      {
        "family": "Ziesel",
        "given": "J P"
      }
    ],
    "container-title": "J. Phys. B: At. Mol. Opt. Phys.",
    "id": "Field1988",
    "issue": "1",
    "issued": {
      "date-parts": [
        [
          1988
        ]
      ]
    },
    "page": "171-188",
    "title": "High-resolution studies of electron scattering by molecular oxygen",
    "type": "article-journal",
    "volume": "21"
  },
  {
    "DOI": "10.1088/0953-4075/27/14/048",
    "author": [
      {
        "family": "Higgins",
        "given": "K"
      },
      {
        "family": "Noble",
        "given": "C J"
      },
      {
        "family": "Burke",
        "given": "P G"
      }
    ],
    "container-title": "J. Phys. B: At. Mol. Opt. Phys.",
    "id": "Higgins1994",
    "issue": "14",
    "issued": {
      "date-parts": [
        [
          1994,
          7
        ]
      ]
    },
    "page": "3203",
    "publisher": "IOP Publishing",
    "title": "Low energy electron scattering by oxygen molecules",
    "type": "article-journal",
    "volume": "27"
  },
  {
    "DOI": "10.1103/PhysRevLett.68.2011",
    "author": [
      {
        "family": "Noble",
        "given": "C J"
      },
      {
        "family": "Burke",
        "given": "P G"
      }
    ],
    "container-title": "Phys. Rev. Lett.",
    "id": "Noble1992",
    "issue": "13",
    "issued": {
      "date-parts": [
        [
          1992,
          3
        ]
      ]
    },
    "page": "2011-2014",
    "title": "R-matrix calculations of low-energy electron scattering by oxygen molecules",
    "type": "article-journal",
    "volume": "68"
  },
  {
    "DOI": "10.1088/0953-4075/28/15/025",
    "author": [
      {
        "family": "Higgins",
        "given": "K"
      },
      {
        "family": "Gillan",
        "given": "C J"
      },
      {
        "family": "Burke",
        "given": "P G"
      },
      {
        "family": "Noble",
        "given": "C J"
      }
    ],
    "container-title": "J. Phys. B: At. Mol. Opt. Phys.",
    "id": "Higgins1995",
    "issue": "15",
    "issued": {
      "date-parts": [
        [
          1995,
          8
        ]
      ]
    },
    "page": "3391",
    "publisher": "IOP Publishing",
    "title": "Low-energy electron scattering by oxygen molecules. II. Vibrational excitation",
    "type": "article-journal",
    "volume": "28"
  },
  {
    "DOI": "10.1088/0022-3700/12/12/008",
    "author": [
      {
        "family": "Schneider",
        "given": "B I"
      },
      {
        "family": "Le Dourneuf",
        "given": "M"
      },
      {
        "family": "Burke",
        "given": "P G"
      }
    ],
    "container-title": "J. Phys. B",
    "id": "Schneider1979",
    "issue": "12",
    "issued": {
      "date-parts": [
        [
          1979
        ]
      ]
    },
    "page": "L365-L369",
    "title": "Theory of vibrational excitation and dissociative attachment: An <span class=\"nocase\">$R$-matrix</span> approach",
    "title-short": "Theory of vibrational excitation and dissociative attachment",
    "type": "article-journal",
    "volume": "12"
  },
  {
    "DOI": "10.1016/j.radphyschem.2013.10.012",
    "author": [
      {
        "family": "Naghma",
        "given": "Rahla"
      },
      {
        "family": "Vinodkumar",
        "given": "Minaxi"
      },
      {
        "family": "Antony",
        "given": "Bobby"
      }
    ],
    "container-title": "Radiat. Phys. Chem.",
    "id": "Naghma2014",
    "issued": {
      "date-parts": [
        [
          2014,
          4
        ]
      ]
    },
    "page": "6-11",
    "title": "Total cross sections for O$_2$ and S$_2$ by electron impact",
    "type": "article-journal",
    "volume": "97"
  },
  {
    "DOI": "10.1103/PhysRevA.73.052707",
    "author": [
      {
        "family": "Tashiro",
        "given": "Motomichi"
      },
      {
        "family": "Morokuma",
        "given": "Keiji"
      },
      {
        "family": "Tennyson",
        "given": "Jonathan"
      }
    ],
    "container-title": "Phys. Rev. A",
    "id": "Tashiro2006",
    "issue": "5",
    "issued": {
      "date-parts": [
        [
          2006,
          5
        ]
      ]
    },
    "page": "052707",
    "publisher": "American Physical Society",
    "title": "$R$-matrix calculation of electron collisions with electronically excited O$_{2}$ molecules",
    "type": "article-journal",
    "volume": "73"
  },
  {
    "DOI": "10.1063/1.456153",
    "author": [
      {
        "family": "Dunning",
        "given": "T. H."
      }
    ],
    "container-title": "J. Chem. Phys.",
    "id": "Dunning1989",
    "issued": {
      "date-parts": [
        [
          1989
        ]
      ]
    },
    "page": "1007",
    "publisher": "AIP Publishing",
    "title": "Gaussian basis sets for use in correlated molecular calculations. I. The atoms boron through neon and hydrogen",
    "type": "article-journal",
    "volume": "90"
  },
  {
    "author": [
      {
        "family": "Werner",
        "given": "H.-J."
      },
      {
        "family": "Knowles",
        "given": "P. J."
      },
      {
        "family": "Knizia",
        "given": "G."
      },
      {
        "family": "Manby",
        "given": "F. R."
      },
      {
        "family": "Schütz",
        "given": "M."
      },
      {
        "literal": "others"
      }
    ],
    "id": "MOLPRO_brief",
    "issued": {
      "date-parts": [
        [
          2012
        ]
      ]
    },
    "note": "see http://www.molpro.net",
    "publisher-place": "Cardiff, UK",
    "title": "Molpro, version 2012.1, a package of ab initio programs",
    "type": "no-type"
  },
  {
    "DOI": "10.1002/wcms.82",
    "author": [
      {
        "family": "Werner",
        "given": "H.-J."
      },
      {
        "family": "Knowles",
        "given": "P. J."
      },
      {
        "family": "Knizia",
        "given": "G."
      },
      {
        "family": "Manby",
        "given": "F. R."
      },
      {
        "family": "Schütz",
        "given": "M."
      }
    ],
    "container-title": "WIREs Comput Mol Sci",
    "id": "MOLPRO-WIREs",
    "issued": {
      "date-parts": [
        [
          2012
        ]
      ]
    },
    "page": "242-253",
    "title": "Molpro: A general purpose quantum chemistry program package",
    "title-short": "Molpro",
    "type": "article-journal",
    "volume": "2"
  },
  {
    "DOI": "10.1063/1.448627",
    "URL": "http://dx.doi.org/10.1063/1.448627",
    "author": [
      {
        "family": "Werner",
        "given": "Hans-Joachim"
      },
      {
        "family": "Knowles",
        "given": "Peter J"
      }
    ],
    "container-title": "J. Chem. Phys.",
    "id": "WK85scf",
    "issued": {
      "date-parts": [
        [
          1985
        ]
      ]
    },
    "page": "5053",
    "title": "A second order MCSCF method with optimum convergence",
    "type": "article-journal",
    "volume": "82"
  },
  {
    "DOI": "10.1016/0009-2614(85)80025-7",
    "URL": "http://dx.doi.org/10.1016/0009-2614(85)80025-7",
    "author": [
      {
        "family": "Knowles",
        "given": "P. J."
      },
      {
        "family": "Werner",
        "given": "H.-J."
      }
    ],
    "container-title": "Chem. Phys. Letters",
    "id": "KW85scf",
    "issued": {
      "date-parts": [
        [
          1985
        ]
      ]
    },
    "page": "259-267",
    "title": "An efficient second order MCSCF method for long configuration expansions",
    "type": "article-journal",
    "volume": "115"
  },
  {
    "DOI": "10.1007/BF01117405",
    "author": [
      {
        "family": "Knowles",
        "given": "P. J."
      },
      {
        "family": "Werner",
        "given": "H.-J."
      }
    ],
    "container-title": "TCA",
    "id": "KW92mrci",
    "issued": {
      "date-parts": [
        [
          1992
        ]
      ]
    },
    "page": "95-103",
    "title": "Internally contracted multiconfiguration reference configuration interaction calculations for excited states",
    "type": "article-journal",
    "volume": "84"
  },
  {
    "DOI": "10.1016/j.physrep.2010.02.001",
    "author": [
      {
        "family": "Tennyson",
        "given": "Jonathan"
      }
    ],
    "container-title": "Phys. Rep.",
    "id": "Tennyson2010rmat",
    "issue": "2-3",
    "issued": {
      "date-parts": [
        [
          2010,
          6
        ]
      ]
    },
    "page": "29-76",
    "title": "Electron–molecule collision calculations using the R-matrix method",
    "type": "article-journal",
    "volume": "491"
  },
  {
    "DOI": "10.1140/epjd/e2011-20653-6",
    "author": [
      {
        "family": "Carr",
        "given": "J. M."
      },
      {
        "family": "Galiatsatos",
        "given": "P. G."
      },
      {
        "family": "Gorfinkiel",
        "given": "J. D."
      },
      {
        "family": "Harvey",
        "given": "A. G."
      },
      {
        "family": "Lysaght",
        "given": "M. A."
      },
      {
        "family": "Madden",
        "given": "D."
      },
      {
        "family": "Masin",
        "given": "Z."
      },
      {
        "family": "Plummer",
        "given": "M."
      },
      {
        "family": "Tennyson",
        "given": "J."
      },
      {
        "family": "Varambhia",
        "given": "H. N."
      }
    ],
    "container-title": "Eur. Phys. J. D",
    "id": "UKRmol",
    "issued": {
      "date-parts": [
        [
          2012
        ]
      ]
    },
    "title": "UKRmol: a low-energy electron- and positron-molecule scattering suite",
    "type": "article-journal",
    "volume": "66"
  },
  {
    "DOI": "10.1016/j.cpc.2019.107092",
    "author": [
      {
        "family": "Mašı́n",
        "given": "Zdeněk"
      },
      {
        "family": "Benda",
        "given": "Jakub"
      },
      {
        "family": "Gorfinkiel",
        "given": "Jimena D."
      },
      {
        "family": "Harvey",
        "given": "Alex G."
      },
      {
        "family": "Tennyson",
        "given": "Jonathan"
      }
    ],
    "container-title": "Comput. Phys. Commun.",
    "id": "UKRmolplus",
    "issued": {
      "date-parts": [
        [
          2020
        ]
      ]
    },
    "page": "107092",
    "title": "UKRmol+: A suite for modelling electronic processes in molecules interacting with electrons, positrons and photons using the R-matrix method",
    "title-short": "UKRmol+",
    "type": "article-journal",
    "volume": "249"
  },
  {
    "DOI": "10.1016/0010-4655(84)90147-4",
    "author": [
      {
        "family": "Tennyson",
        "given": "Jonathan"
      },
      {
        "family": "Noble",
        "given": "Cliff J."
      }
    ],
    "container-title": "cpc",
    "id": "RESON",
    "issue": "4",
    "issued": {
      "date-parts": [
        [
          1984
        ]
      ]
    },
    "page": "421-424",
    "title": "RESON—A program for the detection and fitting of Breit-Wigner resonances",
    "type": "article-journal",
    "volume": "33"
  },
  {
    "DOI": "10.1016/S0010-4655(00)00238-1",
    "abstract": "A new methodology similar to the R-matrix propagation technique is invoked to propose the practical recipe for efficiently calculating the Green’s function in scattering problem. High accuracy of the proposed approach is demonstrated by taking examples of very deep tunneling and complex-valued nonlocal potential which describes low-energy dissociative attachment process between electron and molecules.",
    "author": [
      {
        "family": "Mil’nikov",
        "given": "Gennady V"
      },
      {
        "family": "Nakamura",
        "given": "Hiroki"
      },
      {
        "family": "Horáček",
        "given": "Jiri"
      }
    ],
    "container-title": "Comput. Phys. Commun.",
    "id": "Milnikov2001",
    "issue": "3",
    "issued": {
      "date-parts": [
        [
          2001,
          4
        ]
      ]
    },
    "page": "278-292",
    "title": "Stable and efficient evaluation of <span class=\"nocase\">Green’s</span> function in scattering problem",
    "type": "article-journal",
    "volume": "135"
  },
  {
    "DOI": "10.1016/0370-1573(91)90125-6",
    "author": [
      {
        "family": "Domcke",
        "given": "W"
      }
    ],
    "container-title": "Phys. Rep.",
    "id": "Domcke1991poa",
    "issue": "2",
    "issued": {
      "date-parts": [
        [
          1991,
          10
        ]
      ]
    },
    "page": "97-188",
    "title": "Theory of resonance and threshold effects in electron-molecule collisions: The projection-operator approach",
    "title-short": "Theory of resonance and threshold effects in electron-molecule collisions",
    "type": "article-journal",
    "volume": "208"
  },
  {
    "author": [
      {
        "family": "Čı́žek",
        "given": "Martin"
      },
      {
        "family": "Houfek",
        "given": "Karel"
      }
    ],
    "container-title": "Low-energy electron scattering from molecules, biomolecules and surfaces",
    "editor": [
      {
        "family": "Čársky",
        "given": "Petr"
      },
      {
        "family": "Čurı́k",
        "given": "Roman"
      }
    ],
    "id": "CizekHoufek2012",
    "issued": {
      "date-parts": [
        [
          2012
        ]
      ]
    },
    "page": "91-126",
    "publisher": "CRC Press, Taylor; Francis Group",
    "publisher-place": "Boca Raton",
    "title": "Nonlocal theory of resonance electron-molecule scattering",
    "type": "chapter"
  },
  {
    "author": [
      {
        "family": "Houfek",
        "given": "Karel"
      },
      {
        "family": "Čı́žek",
        "given": "Martin"
      }
    ],
    "container-title": "Low-energy electron scattering from molecules, biomolecules and surfaces",
    "editor": [
      {
        "family": "Čársky",
        "given": "Petr"
      },
      {
        "family": "Čurı́k",
        "given": "Roman"
      }
    ],
    "id": "HoufekCizek2012",
    "issued": {
      "date-parts": [
        [
          2012
        ]
      ]
    },
    "page": "127-160",
    "publisher": "CRC Press, Taylor; Francis Group",
    "publisher-place": "Boca Raton",
    "title": "Applications of the nonlocal resonance theory to diatomic molecules",
    "type": "chapter"
  },
  {
    "DOI": "10.1016/0003-4916(58)90007-1",
    "abstract": "A new formulation of the theory of nuclear reactions based on the properties of a generalized “optical” potential is presented. The real and imaginary part of this potential satisfy a dispersion type relation while its poles give rise to resonances in nuclear reactions. A new derivation of the Breit-Wigner formula is given in which the concept of channel radius is not employed. This derivation is extended to the case of overlapping resonances. These results can then be employed to obtain the complex potential well model for pure elastic scattering. This potential well is shown to become real as the average width of the resonances increases. Reactions as well as elastic scattering are treated. Considering the former process in an isolated resonance, we obtain a nonresonant term analogous to the familiar potential scattering term of elastic scattering. This is just the direct interaction term which thus appears automatically in this formalism. Upon performing the appropriate energy averages over resonances, the complex potential well model is generalized so as to include inelastic scattering. The effects of the identity of nucleons is investigated. It is shown that our formalism is valid as long as the exit channels can at most contain one nucleon.",
    "author": [
      {
        "family": "Feshbach",
        "given": "Herman"
      }
    ],
    "container-title": "Ann. Phys.",
    "id": "Feshbach1958-da",
    "issue": "4",
    "issued": {
      "date-parts": [
        [
          1958,
          12
        ]
      ]
    },
    "page": "357-390",
    "title": "Unified theory of nuclear reactions",
    "type": "article-journal",
    "volume": "5"
  },
  {
    "DOI": "10.1016/0003-4916(62)90221-X",
    "abstract": "The effective Hamiltonian method for nuclear reactions described in an earlier paper with the same title, part I, is generalized so as to include all possible reaction types, as well as the effects arising from the identity of particles. The principal device employed, as in part I, is the projection operator which selects the open channel components of the wave function. It is found that the formal structure of part I providing a unified description for direct and compound nuclear reactions including the coupled equation description for direct reactions remains valid in this wider context. A Kapur-Peierls expansion may also be readily obtained. The concept of channel radii is not needed nor is any decomposition of the wave function for the system into angular momentum eigenstates required, so that the expressions for transition amplitudes and widths are invariant with respect to the angular momentum coupling scheme. Since the open channels can only be defined in an asymptotic sense, the corresponding projection operators are not unique. As a consequence the projection operator method has a flexibility which in the first place is consonant with the wide range of phenomena which can occur in nuclear reactions and in the second place can effectively exploit an intuitive understanding of the phenomena. Example of projection operators are obtained including one which leads to the Wigner-Eisenbud formalism, another which is appropriate for the stripping reaction, and, finally, one which takes the Pauli exclusion principle into account. Note that explicit representations of the projection operators are not required for the development of general formal results but are necessary if, eventually, quantitative calculations are made.",
    "author": [
      {
        "family": "Feshbach",
        "given": "Herman"
      }
    ],
    "container-title": "Ann. Phys.",
    "id": "Feshbach1962-sc",
    "issue": "2",
    "issued": {
      "date-parts": [
        [
          1962,
          8
        ]
      ]
    },
    "page": "287-313",
    "title": "A unified theory of nuclear reactions. II",
    "type": "article-journal",
    "volume": "19"
  },
  {
    "DOI": "10.1023/A:1013909629177",
    "abstract": "Dissociative electron attachment to hot hydrogen molecules is studied in the framework of nonlocal resonance model. The method based on the use of the Bateman approximation, well known in nuclear physics, is adapted for solving the Lippmann-Schwinger integral equation of the nonlocal resonance model and applied to the calculation of cross sections of inelastic resonant electron-molecule collisions. The proposed method is compared with the Schwinger-Lanczos algorithm used extensively for the treatment of these processes. It is shown that the Bateman approximation is very useful and efficient for treating the non-separable nonlocal potentials appearing in the integral kernels of the nonlocal resonance models. The calculated cross sections for the dissociative attachment of electrons to vibrationally excited hydrogen molecules are of importance for astrophysics.",
    "author": [
      {
        "family": "Houfek",
        "given": "K"
      },
      {
        "family": "Čı́žek",
        "given": "M"
      },
      {
        "family": "Horáček",
        "given": "J"
      }
    ],
    "container-title": "Czech. J. Phys.",
    "id": "Houfek2002",
    "issue": "1",
    "issued": {
      "date-parts": [
        [
          2002,
          1
        ]
      ]
    },
    "page": "29-40",
    "title": "Dissociative attachment of low-energy electrons to vibrationally excited hydrogen molecules",
    "type": "article-journal",
    "volume": "52"
  },
  {
    "DOI": "10.1103/PhysRevA.73.032721",
    "author": [
      {
        "family": "Houfek",
        "given": "Karel"
      },
      {
        "family": "Rescigno",
        "given": "Thomas N."
      },
      {
        "family": "McCurdy",
        "given": "C. William"
      }
    ],
    "container-title": "Phys. Rev. A",
    "id": "Houfek2006",
    "issue": "3",
    "issued": {
      "date-parts": [
        [
          2006
        ]
      ]
    },
    "page": "032721",
    "title": "Numerically solvable model for resonant collisions of electrons with diatomic molecules",
    "type": "article-journal",
    "volume": "73"
  },
  {
    "DOI": "10.1103/PhysRevA.77.012710",
    "author": [
      {
        "family": "Houfek",
        "given": "Karel"
      },
      {
        "family": "Rescigno",
        "given": "Thomas N."
      },
      {
        "family": "McCurdy",
        "given": "C. William"
      }
    ],
    "container-title": "Phys. Rev. A",
    "id": "Houfek2008",
    "issue": "1",
    "issued": {
      "date-parts": [
        [
          2008
        ]
      ]
    },
    "page": "012710",
    "title": "Probing the nonlocal approximation to resonant collisions of electrons with diatomic molecules",
    "type": "article-journal",
    "volume": "77"
  },
  {
    "DOI": "10.1103/PhysRevA.20.194",
    "author": [
      {
        "family": "Dubé",
        "given": "L"
      },
      {
        "family": "Herzenberg",
        "given": "A"
      }
    ],
    "container-title": "Phys. Rev. A",
    "id": "Dube1979",
    "issue": "1",
    "issued": {
      "date-parts": [
        [
          1979,
          7
        ]
      ]
    },
    "page": "194-213",
    "publisher": "American Physical Society",
    "title": "Absolute cross sections from the “boomerang model” for resonant electron-molecule scattering",
    "type": "article-journal",
    "volume": "20"
  },
  {
    "DOI": "10.1088/0022-3700/9/9/024",
    "author": [
      {
        "family": "Parlant",
        "given": "G"
      },
      {
        "family": "Fiquet-Fayard",
        "given": "F"
      }
    ],
    "container-title": "J. Phys. B: At. Mol. Opt. Phys.",
    "id": "ParlantFiquet2001",
    "issue": "9",
    "issued": {
      "date-parts": [
        [
          2001
        ]
      ]
    },
    "page": "1617",
    "publisher": "IOP Publishing",
    "title": "The O$_2$-$^2\\Pi_g$ resonance: Theoretical analysis of electron scattering data",
    "title-short": "The O$_2$-$^2\\Pi_g$ resonance",
    "type": "article-journal",
    "volume": "9"
  },
  {
    "DOI": "10.1088/0022-3700/1/3/303",
    "abstract": "The theory of configuration interaction is discussed in relation to molecular states which have sufficient energy to decay by electron emission or pre-dissociation. By considering the effects of electron emission a resonant scattering formalism is developed which is useful for …",
    "author": [
      {
        "family": "Bardsley",
        "given": "J N"
      }
    ],
    "container-title": "J. Phys. B: At. Mol. Opt. Phys.",
    "id": "Bardsley1968",
    "issue": "3",
    "issued": {
      "date-parts": [
        [
          1968
        ]
      ]
    },
    "page": "349",
    "publisher": "IOP Publishing",
    "title": "Configuration interaction in the continuum states of molecules",
    "type": "article-journal",
    "volume": "1"
  },
  {
    "DOI": "10.1103/PhysRevA.91.012701",
    "author": [
      {
        "family": "Laporta",
        "given": "V"
      },
      {
        "family": "Celiberto",
        "given": "R"
      },
      {
        "family": "Tennyson",
        "given": "J"
      }
    ],
    "container-title": "Phys. Rev. A",
    "id": "Laporta2015",
    "issue": "1",
    "issued": {
      "date-parts": [
        [
          2015,
          1
        ]
      ]
    },
    "page": "012701",
    "publisher": "American Physical Society",
    "title": "Dissociative electron attachment and electron-impact resonant dissociation of vibrationally excited O$_{2}$ molecules",
    "type": "article-journal",
    "volume": "91"
  },
  {
    "DOI": "10.1088/0963-0252/22/2/025001",
    "author": [
      {
        "family": "Laporta",
        "given": "V"
      },
      {
        "family": "Celiberto",
        "given": "R"
      },
      {
        "family": "Tennyson",
        "given": "J"
      }
    ],
    "container-title": "Plasma Sources Sci. Technol.",
    "id": "Laporta2013",
    "issue": "2",
    "issued": {
      "date-parts": [
        [
          2013,
          2
        ]
      ]
    },
    "page": "025001",
    "publisher": "IOP Publishing",
    "title": "Resonant vibrational-excitation cross sections and rate constants for low-energy electron scattering by molecular oxygen",
    "type": "article-journal",
    "volume": "22"
  },
  {
    "DOI": "10.1093/comjnl/7.4.308",
    "author": [
      {
        "family": "Nelder",
        "given": "J A"
      },
      {
        "family": "Mead",
        "given": "R"
      }
    ],
    "container-title": "Comput. J.",
    "id": "Nelder1965",
    "issue": "4",
    "issued": {
      "date-parts": [
        [
          1965
        ]
      ]
    },
    "page": "308-313",
    "publisher": "Oxford Academic",
    "title": "A simplex method for function minimization",
    "type": "article-journal",
    "volume": "7"
  },
  {
    "DOI": "10.1088/0953-4075/28/23/021",
    "author": [
      {
        "family": "Allan",
        "given": "Michael"
      }
    ],
    "container-title": "J. Phys. B: At. Mol. Opt. Phys.",
    "id": "Allan1995",
    "issue": "23",
    "issued": {
      "date-parts": [
        [
          1995
        ]
      ]
    },
    "page": "5163",
    "publisher": "IOP Publishing",
    "title": "Measurement of absolute differential cross sections for vibrational excitation of O$_2$ by electron impact",
    "type": "article-journal",
    "volume": "28"
  },
  {
    "DOI": "10.1088/1361-6455/aaf48d",
    "author": [
      {
        "family": "Okumura",
        "given": "T"
      },
      {
        "family": "Kobayashi",
        "given": "N"
      },
      {
        "family": "Sayama",
        "given": "A"
      },
      {
        "family": "Mori",
        "given": "Y"
      },
      {
        "family": "Akasaka",
        "given": "H"
      },
      {
        "family": "Hosaka",
        "given": "K"
      },
      {
        "family": "Odagiri",
        "given": "T"
      },
      {
        "family": "Hoshino",
        "given": "M"
      },
      {
        "family": "Kitajima",
        "given": "M"
      }
    ],
    "container-title": "J. Phys. B: At. Mol. Opt. Phys.",
    "id": "Okumura2019",
    "issue": "3",
    "issued": {
      "date-parts": [
        [
          2019
        ]
      ]
    },
    "page": "035201",
    "publisher": "IOP Publishing",
    "title": "Total cross-section for low-energy and very low-energy electron collisions with O$_2$",
    "type": "article-journal",
    "volume": "52"
  },
  {
    "DOI": "10.1103/PhysRev.128.178",
    "author": [
      {
        "family": "Schulz",
        "given": "George J."
      }
    ],
    "container-title": "Phys. Rev.",
    "id": "Schulz1962",
    "issue": "1",
    "issued": {
      "date-parts": [
        [
          1962
        ]
      ]
    },
    "page": "178-186",
    "title": "Cross sections and electron affinity for O$^{-}$ ions from O$_{2}$, CO, and CO$_{2}$ by electron impact",
    "type": "article-journal",
    "volume": "128"
  },
  {
    "DOI": "10.1063/1.1696958",
    "author": [
      {
        "family": "Rapp",
        "given": "Donald"
      },
      {
        "family": "Briglia",
        "given": "Donald D."
      }
    ],
    "container-title": "J. Chem. Phys.",
    "id": "Rapp1965",
    "issue": "5",
    "issued": {
      "date-parts": [
        [
          1965
        ]
      ]
    },
    "page": "1480-1489",
    "title": "Total cross sections for ionization and attachment in gases by electron impact. II. Negative-ion formation",
    "type": "article-journal",
    "volume": "43"
  },
  {
    "DOI": "10.1063/1.1696685",
    "author": [
      {
        "family": "Christophorou",
        "given": "L. G."
      },
      {
        "family": "Compton",
        "given": "R. N."
      },
      {
        "family": "Hurst",
        "given": "G. S."
      },
      {
        "family": "Reinhardt",
        "given": "P. W."
      }
    ],
    "container-title": "J. Chem. Phys.",
    "id": "Christophorou1965",
    "issue": "12",
    "issued": {
      "date-parts": [
        [
          1965
        ]
      ]
    },
    "page": "4273-4281",
    "title": "Determination of electron-capture cross sections with swarm-beam techniques",
    "type": "article-journal",
    "volume": "43"
  },
  {
    "DOI": "10.1103/PhysRevA.32.181",
    "author": [
      {
        "family": "Mündel",
        "given": "C"
      },
      {
        "family": "Berman",
        "given": "M"
      },
      {
        "family": "Domcke",
        "given": "W"
      }
    ],
    "container-title": "Phys. Rev. A Gen. Phys.",
    "id": "Mundel1985-h2",
    "issue": "1",
    "issued": {
      "date-parts": [
        [
          1985
        ]
      ]
    },
    "page": "181-193",
    "title": "Nuclear dynamics in resonant electron-molecule scattering beyond the local approximation: Vibrational excitation and dissociative attachment in H$_{2}$ and D$_{2}$",
    "title-short": "Nuclear dynamics in resonant electron-molecule scattering beyond the local approximation",
    "type": "article-journal",
    "volume": "32"
  },
  {
    "DOI": "10.1088/0953-4075/36/13/313",
    "author": [
      {
        "family": "Cizek",
        "given": "M"
      },
      {
        "family": "Horacek",
        "given": "J"
      },
      {
        "family": "Allan",
        "given": "Michael"
      },
      {
        "family": "Fabrikant",
        "given": "I I"
      },
      {
        "family": "Domcke",
        "given": "W"
      }
    ],
    "container-title": "J. Phys. B: At. Mol. Opt. Phys.",
    "id": "Cizek2003-hf",
    "issue": "13",
    "issued": {
      "date-parts": [
        [
          2003
        ]
      ]
    },
    "page": "2837",
    "publisher": "IOP Publishing",
    "title": "Vibrational excitation of hydrogen fluoride by low-energy electrons: Theory and experiment",
    "title-short": "Vibrational excitation of hydrogen fluoride by low-energy electrons",
    "type": "article-journal",
    "volume": "36"
  },
  {
    "DOI": "10.1088/0022-3700/18/22/017",
    "author": [
      {
        "family": "Domcke",
        "given": "W"
      },
      {
        "family": "Mundel",
        "given": "C"
      }
    ],
    "container-title": "J. Phys. B: At. Mol. Opt. Phys.",
    "id": "Domcke1985-hcl",
    "issue": "22",
    "issued": {
      "date-parts": [
        [
          1985
        ]
      ]
    },
    "page": "4491",
    "publisher": "IOP Publishing",
    "title": "Calculation of cross sections for vibrational excitation and dissociative attachment in HCl and DCl beyond the local-complex-potential approximation",
    "type": "article-journal",
    "volume": "18"
  },
  {
    "DOI": "10.1103/PhysRevA.63.062710",
    "author": [
      {
        "family": "Čı́žek",
        "given": "M"
      },
      {
        "family": "Horáček",
        "given": "J"
      },
      {
        "family": "Sergenton",
        "given": "A-Ch"
      },
      {
        "family": "Popović",
        "given": "D B"
      },
      {
        "family": "Allan",
        "given": "M"
      },
      {
        "family": "Domcke",
        "given": "W"
      },
      {
        "family": "Leininger",
        "given": "T"
      },
      {
        "family": "Gadea",
        "given": "F X"
      }
    ],
    "container-title": "Phys. Rev. A",
    "id": "Cizek2001-hbr",
    "issue": "6",
    "issued": {
      "date-parts": [
        [
          2001
        ]
      ]
    },
    "page": "062710",
    "publisher": "American Physical Society",
    "title": "Inelastic low-energy electron collisions with the HBr and DBr molecules: Experiment and theory",
    "title-short": "Inelastic low-energy electron collisions with the HBr and DBr molecules",
    "type": "article-journal",
    "volume": "63"
  },
  {
    "DOI": "10.1103/PhysRevA.81.042702",
    "author": [
      {
        "family": "Fedor",
        "given": "J"
      },
      {
        "family": "Winstead",
        "given": "C"
      },
      {
        "family": "McKoy",
        "given": "V"
      },
      {
        "family": "Čı́žek",
        "given": "M"
      },
      {
        "family": "Houfek",
        "given": "K"
      },
      {
        "family": "Kolorenč",
        "given": "P"
      },
      {
        "family": "Horáček",
        "given": "J"
      }
    ],
    "container-title": "Phys. Rev. A",
    "id": "Fedor2010-hcl",
    "issue": "4",
    "issued": {
      "date-parts": [
        [
          2010
        ]
      ]
    },
    "publisher": "Amer Physical Soc",
    "title": "Electron scattering in HCl: An improved nonlocal resonance model",
    "title-short": "Electron scattering in HCl",
    "type": "article-journal",
    "volume": "81"
  },
  {
    "DOI": "10.1007/s004600050352",
    "author": [
      {
        "family": "Horáček",
        "given": "J"
      },
      {
        "family": "Domcke",
        "given": "W"
      },
      {
        "family": "Nakamura",
        "given": "H"
      }
    ],
    "container-title": "Z. Phys. D: At. Mol. Clusters",
    "id": "Horacek1997-hi",
    "issue": "3",
    "issued": {
      "date-parts": [
        [
          1997
        ]
      ]
    },
    "page": "181-185",
    "title": "Electron attachment and vibrational excitation in hydrogen iodide: Calculations based on the nonlocal resonance model",
    "title-short": "Electron attachment and vibrational excitation in hydrogen iodide",
    "type": "article-journal",
    "volume": "42"
  },
  {
    "DOI": "10.1103/PhysRevA.28.1363",
    "author": [
      {
        "family": "Berman",
        "given": "Michael"
      },
      {
        "family": "Estrada",
        "given": "Hernán"
      },
      {
        "family": "Cederbaum",
        "given": "L S"
      },
      {
        "family": "Domcke",
        "given": "W"
      }
    ],
    "container-title": "Phys. Rev. A",
    "id": "Berman1983-n2",
    "issue": "3",
    "issued": {
      "date-parts": [
        [
          1983
        ]
      ]
    },
    "page": "1363-1381",
    "publisher": "American Physical Society",
    "title": "Nuclear dynamics in resonant electron-molecule scattering beyond the local approximation: The <span class=\"nocase\">2.3-eV</span> shape resonance in N$_{2}$",
    "title-short": "Nuclear dynamics in resonant electron-molecule scattering beyond the local approximation",
    "type": "article-journal",
    "volume": "28"
  },
  {
    "DOI": "10.1103/PhysRevA.71.052714",
    "author": [
      {
        "family": "Trevisan",
        "given": "C S"
      },
      {
        "family": "Houfek",
        "given": "K"
      },
      {
        "family": "Zhang",
        "given": "Z"
      },
      {
        "family": "Orel",
        "given": "A E"
      },
      {
        "family": "McCurdy",
        "given": "C W"
      },
      {
        "family": "Rescigno",
        "given": "T N"
      }
    ],
    "container-title": "Phys. Rev. A",
    "id": "Trevisan2005-no",
    "issue": "5",
    "issued": {
      "date-parts": [
        [
          2005
        ]
      ]
    },
    "page": "052714",
    "publisher": "American Physical Society",
    "title": "Nonlocal model of dissociative electron attachment and vibrational excitation of NO",
    "type": "article-journal",
    "volume": "71"
  }
]
