<?xml version="1.0" encoding="UTF-8" ?>
<root>
  <row>
    <id>4051</id>
    <name>manoj</name>
    <email>manoj@gmail.com</email>
    <password>Test@123</password>
    <about/>
    <token>7f471974-ae46-4ac0-a882-1980c300c4d6</token>
    <country/>
    <location/>
    <lng>0</lng>
    <lat>0</lat>
    <dob/>
    <gender>0</gender>
    <userType>1</userType>
    <userStatus>1</userStatus>
    <profilePicture>Images/9b291404-bc2e-4806-88c5-08d29e65a5ad.png</profilePicture>
    <coverPicture>Images/44af97d9-b8c9-4ec1-a099-010671db25b7.png</coverPicture>
    <enablefollowme>false</enablefollowme>
    <sendmenotifications>false</sendmenotifications>
    <sendTextmessages>false</sendTextmessages>
    <enabletagging>false</enabletagging>
    <createdAt>2020-01-01T11:13:27.1107739</createdAt>
    <updatedAt>2020-01-02T09:16:49.284864</updatedAt>
    <livelng>77.389849</livelng>
    <livelat>28.6282231</livelat>
    <liveLocation>Unnamed Road, Chhijarsi, Sector 63, Noida, Uttar Pradesh 201307, India</liveLocation>
    <creditBalance>127</creditBalance>
    <myCash>0</myCash>
  </row>
  <row>
    <id>4050</id>
    <name>pankaj</name>
    <email>p1@gmail.com</email>
    <password>Test@123</password>
    <about/>
    <token>e269eeef-1de1-4438-885a-e30a9ad26106</token>
    <country/>
    <location/>
    <lng>0</lng>
    <lat>0</lat>
    <dob/>
    <gender>0</gender>
    <userType>1</userType>
    <userStatus>1</userStatus>
    <profilePicture/>
    <coverPicture/>
    <enablefollowme>false</enablefollowme>
    <sendmenotifications>false</sendmenotifications>
    <sendTextmessages>false</sendTextmessages>
    <enabletagging>false</enabletagging>
    <createdAt>2020-01-01T07:39:34.1618239</createdAt>
    <updatedAt>2020-01-01T07:39:34.161824</updatedAt>
    <livelng>0</livelng>
    <livelat>0</livelat>
    <liveLocation/>
    <creditBalance>0</creditBalance>
    <myCash>0</myCash>
  </row>
  <row>
    <id>3050</id>
    <name>Neeraj1993</name>
    <email>neeraj.singh@adequateinfosoft.com</email>
    <password>286956</password>
    <about/>
    <token>562c2fb5-6799-4b51-8733-a60564c96adc</token>
    <country/>
    <location/>
    <lng>0</lng>
    <lat>0</lat>
    <dob/>
    <gender>0</gender>
    <userType>1</userType>
    <userStatus>1</userStatus>
    <profilePicture/>
    <coverPicture/>
    <enablefollowme>false</enablefollowme>
    <sendmenotifications>false</sendmenotifications>
    <sendTextmessages>false</sendTextmessages>
    <enabletagging>false</enabletagging>
    <createdAt>2019-12-27T10:16:05.6578091</createdAt>
    <updatedAt>2019-12-27T10:22:30.8416992</updatedAt>
    <livelng>77.389849</livelng>
    <livelat>28.6282231</livelat>
    <liveLocation>Unnamed Road, Chhijarsi, Sector 63, Noida, Uttar Pradesh 201307, India</liveLocation>
    <creditBalance>0</creditBalance>
    <myCash>0</myCash>
  </row>
  <row>
    <id>3049</id>
    <name>Sophia</name>
    <email>sophia@gmail.com</email>
    <password>Test@123</password>
    <about>Yo</about>
    <token>f3bc9393-ad13-41a2-a69b-b607a42d829f</token>
    <country/>
    <location>18302 Lorance Trail, Little Rock, AR 72206, USA</location>
    <lng>0</lng>
    <lat>0</lat>
    <dob>2019-12-19T11:54:19</dob>
    <gender>2</gender>
    <userType>1</userType>
    <userStatus>1</userStatus>
    <profilePicture/>
    <coverPicture/>
    <enablefollowme>false</enablefollowme>
    <sendmenotifications>false</sendmenotifications>
    <sendTextmessages>false</sendTextmessages>
    <enabletagging>false</enabletagging>
    <createdAt>2019-12-26T07:36:22.3481221</createdAt>
    <updatedAt>2019-12-26T07:36:22.3481222</updatedAt>
    <livelng>77.3674236</livelng>
    <livelat>28.6260665</livelat>
    <liveLocation>35, Block A, Industrial Area, Sector 62, Noida, Uttar Pradesh 201309, India</liveLocation>
    <creditBalance>36</creditBalance>
    <myCash>0</myCash>
  </row>
  <row>
    <id>3048</id>
    <name>Raju Prasad</name>
    <email>raju.nsit@gmail.com</email>
    <password>Raju@1234</password>
    <about>Don&#x27;t Quit Your Day Dream</about>
    <token>b3eda104-0771-4804-8be2-0e6d7c16412d</token>
    <country/>
    <location>Karbala Rd, Block G, Sector 5, Dakshinpuri, New Delhi, Delhi 110044, India</location>
    <lng>0</lng>
    <lat>0</lat>
    <dob>2019-12-01T01:55:34</dob>
    <gender>1</gender>
    <userType>1</userType>
    <userStatus>1</userStatus>
    <profilePicture>Images/291d0a5a-c8c2-45ac-b79f-cc04e0c6f31e.png</profilePicture>
    <coverPicture>Images/7aa45b5d-3adf-4da0-a0fe-694f069e9049.png</coverPicture>
    <enablefollowme>true</enablefollowme>
    <sendmenotifications>true</sendmenotifications>
    <sendTextmessages>true</sendTextmessages>
    <enabletagging>true</enabletagging>
    <createdAt>2019-12-26T07:17:08.3460039</createdAt>
    <updatedAt>2019-12-26T14:27:00.4327446</updatedAt>
    <livelng>77.3674236</livelng>
    <livelat>28.6260665</livelat>
    <liveLocation>35, Block A, Industrial Area, Sector 62, Noida, Uttar Pradesh 201309, India</liveLocation>
    <creditBalance>5</creditBalance>
    <myCash>0</myCash>
  </row>
  <row>
    <id>3047</id>
    <name>Ankiish Thapliyal</name>
    <email>thapliyalankiish958@gmail.com</email>
    <password>Test@1234</password>
    <about>I failed many opportunities may times but I am the one who tries again and again every time with a smile.</about>
    <token>caf070df-d2c2-4e99-ba06-9482ef5eb7ba</token>
    <country/>
    <location>Dehradun</location>
    <lng>0</lng>
    <lat>0</lat>
    <dob>2019-12-31T03:02:48</dob>
    <gender>1</gender>
    <userType>1</userType>
    <userStatus>1</userStatus>
    <profilePicture>Images/0da0ca00-cfaf-41e8-ab39-cbff55ec64b3.png</profilePicture>
    <coverPicture>Images/088fd182-2a2d-4a72-946d-a90d047e4557.png</coverPicture>
    <enablefollowme>true</enablefollowme>
    <sendmenotifications>true</sendmenotifications>
    <sendTextmessages>true</sendTextmessages>
    <enabletagging>true</enabletagging>
    <createdAt>2019-12-26T07:13:01.9262534</createdAt>
    <updatedAt>2019-12-30T11:11:00.4082038</updatedAt>
    <livelng>77.3790036</livelng>
    <livelat>28.630186199999997</livelat>
    <liveLocation>Suite No. 203 H - 15 Rise tower, Sector 63, H Block, Sector 62, Noida, Uttar Pradesh 201301, India</liveLocation>
    <creditBalance>167</creditBalance>
    <myCash>0</myCash>
  </row>
  <row>
    <id>3046</id>
    <name>Aryan Thapliyal</name>
    <email>ashithewarrior@gmail.com</email>
    <password>Test@1234</password>
    <about>Testing is required for an effective performance of software application or product. It&#x27;s important to ensure that the application should not result into any failures because it can be very expensive in the future or in the later stages of the development</about>
    <token>c8cb5636-cd01-4133-adac-360cecc710af</token>
    <country/>
    <location>Dehradun</location>
    <lng>0</lng>
    <lat>0</lat>
    <dob>2019-12-01T05:20:43</dob>
    <gender>1</gender>
    <userType>1</userType>
    <userStatus>1</userStatus>
    <profilePicture>Images/8a8a93f3-5696-4387-84e5-ac632cc85ec1.png</profilePicture>
    <coverPicture>Images/cdaf5fa5-e786-49a6-a1d5-453b532f3d8d.png</coverPicture>
    <enablefollowme>false</enablefollowme>
    <sendmenotifications>false</sendmenotifications>
    <sendTextmessages>false</sendTextmessages>
    <enabletagging>false</enabletagging>
    <createdAt>2019-12-26T07:10:53.2318238</createdAt>
    <updatedAt>2019-12-30T05:32:04.0700419</updatedAt>
    <livelng>77.37901219999999</livelng>
    <livelat>28.630237299999997</livelat>
    <liveLocation>H15, H Block, Sector 63, Noida, Uttar Pradesh 201301, India</liveLocation>
    <creditBalance>160</creditBalance>
    <myCash>0</myCash>
  </row>
  <row>
    <id>3045</id>
    <name>shivam</name>
    <email>shivam@gmail.com</email>
    <password>Shivam@123</password>
    <about/>
    <token>59b6f0af-fc25-4a6b-b865-5fb29023c6df</token>
    <country/>
    <location/>
    <lng>0</lng>
    <lat>0</lat>
    <dob/>
    <gender>0</gender>
    <userType>1</userType>
    <userStatus>1</userStatus>
    <profilePicture>Images/da45be05-a363-4b27-bdf7-1a8c9a912ae1.png</profilePicture>
    <coverPicture>Images/4885d2c3-3c86-4ed7-b28b-e1900d618724.png</coverPicture>
    <enablefollowme>false</enablefollowme>
    <sendmenotifications>false</sendmenotifications>
    <sendTextmessages>false</sendTextmessages>
    <enabletagging>false</enabletagging>
    <createdAt>2019-12-26T07:01:24.5014557</createdAt>
    <updatedAt>2019-12-26T07:02:16.9663295</updatedAt>
    <livelng>77.3674236</livelng>
    <livelat>28.6260665</livelat>
    <liveLocation>35, Block A, Industrial Area, Sector 62, Noida, Uttar Pradesh 201309, India</liveLocation>
    <creditBalance>11</creditBalance>
    <myCash>0</myCash>
  </row>
  <row>
    <id>3044</id>
    <name>Navya Upadhyay</name>
    <email>navya.adequate@gmail.com</email>
    <password>navya2123</password>
    <about/>
    <token>0362f1b5-80be-4dff-bd40-c236c79561eb</token>
    <country/>
    <location/>
    <lng>0</lng>
    <lat>0</lat>
    <dob/>
    <gender>0</gender>
    <userType>1</userType>
    <userStatus>1</userStatus>
    <profilePicture/>
    <coverPicture/>
    <enablefollowme>false</enablefollowme>
    <sendmenotifications>false</sendmenotifications>
    <sendTextmessages>false</sendTextmessages>
    <enabletagging>false</enabletagging>
    <createdAt>2019-12-26T06:53:22.1076016</createdAt>
    <updatedAt>2019-12-26T06:53:22.1076017</updatedAt>
    <livelng>0</livelng>
    <livelat>0</livelat>
    <liveLocation/>
    <creditBalance>5</creditBalance>
    <myCash>0</myCash>
  </row>
  <row>
    <id>3043</id>
    <name>Ritu singh</name>
    <email>ritusinghadequate@gmail.com</email>
    <password>ritusingh1234</password>
    <about/>
    <token>a268517f-960a-418a-9c89-48708372702d</token>
    <country/>
    <location/>
    <lng>0</lng>
    <lat>0</lat>
    <dob/>
    <gender>0</gender>
    <userType>1</userType>
    <userStatus>1</userStatus>
    <profilePicture/>
    <coverPicture/>
    <enablefollowme>false</enablefollowme>
    <sendmenotifications>false</sendmenotifications>
    <sendTextmessages>false</sendTextmessages>
    <enabletagging>false</enabletagging>
    <createdAt>2019-12-26T06:53:10.2343196</createdAt>
    <updatedAt>2019-12-26T06:53:10.2343197</updatedAt>
    <livelng>0</livelng>
    <livelat>0</livelat>
    <liveLocation/>
    <creditBalance>5</creditBalance>
    <myCash>0</myCash>
  </row>
  <row>
    <id>3042</id>
    <name>faiz</name>
    <email>faizadequate@gmail.com</email>
    <password>Test@1234</password>
    <about>I am who I am. Your approval is not needed.</about>
    <token>33dd5829-0a01-4b3b-80d3-1a63a75b3436</token>
    <country/>
    <location>New Delhi</location>
    <lng>0</lng>
    <lat>0</lat>
    <dob>2019-12-12T12:10:02</dob>
    <gender>1</gender>
    <userType>1</userType>
    <userStatus>1</userStatus>
    <profilePicture>Images/80cdd447-4a3a-483f-b222-86989cc3d37e.png</profilePicture>
    <coverPicture>Images/1717f4f1-47e1-4f5f-9129-72d7933aa15a.png</coverPicture>
    <enablefollowme>false</enablefollowme>
    <sendmenotifications>false</sendmenotifications>
    <sendTextmessages>false</sendTextmessages>
    <enabletagging>false</enabletagging>
    <createdAt>2019-12-26T06:30:58.6524884</createdAt>
    <updatedAt>2019-12-30T06:57:19.58494</updatedAt>
    <livelng>77.379012</livelng>
    <livelat>28.630232</livelat>
    <liveLocation>H15, H Block, Sector 63, Noida, Uttar Pradesh 201301, India</liveLocation>
    <creditBalance>38</creditBalance>
    <myCash>0</myCash>
  </row>
  <row>
    <id>3041</id>
    <name>Martin Wilson</name>
    <email>ravencomputer667@gmail.com</email>
    <password>martin@123</password>
    <about>Travelers, </about>
    <token>18ceb759-241c-43d3-a9eb-5344ea2ef1d9</token>
    <country/>
    <location>Moorgate Station (Stop N), London EC2Y 5EJ, UK</location>
    <lng>0</lng>
    <lat>0</lat>
    <dob>2019-12-11T12:29:13</dob>
    <gender>1</gender>
    <userType>1</userType>
    <userStatus>1</userStatus>
    <profilePicture>Images/023d1a36-ef5e-4248-a9a1-900069fe3f28.png</profilePicture>
    <coverPicture>Images/0e773003-964f-42c8-b591-b33fa0563a85.png</coverPicture>
    <enablefollowme>true</enablefollowme>
    <sendmenotifications>true</sendmenotifications>
    <sendTextmessages>false</sendTextmessages>
    <enabletagging>false</enabletagging>
    <createdAt>2019-12-26T06:22:36.1180762</createdAt>
    <updatedAt>2019-12-26T06:29:14.6591852</updatedAt>
    <livelng>0</livelng>
    <livelat>0</livelat>
    <liveLocation/>
    <creditBalance>18</creditBalance>
    <myCash>0</myCash>
  </row>
  <row>
    <id>3040</id>
    <name>Shweta Singh</name>
    <email>amelia.claire.hi@gmail.com</email>
    <password>Test@1234</password>
    <about>What others think of me is none of my business.I’m the most awesome person I know.</about>
    <token>e32b4e12-18f3-4fd0-9a3d-2021d8381dff</token>
    <country/>
    <location>India - Pakistan Border Rd, Bakhasar, Rajasthan 344706, India</location>
    <lng>0</lng>
    <lat>0</lat>
    <dob>2019-12-02T11:47:56</dob>
    <gender>2</gender>
    <userType>1</userType>
    <userStatus>1</userStatus>
    <profilePicture>Images/085985b6-0662-4e1d-b5b4-20016d31514f.png</profilePicture>
    <coverPicture>Images/7efb014a-f551-4702-b5af-2fe11cca2a88.png</coverPicture>
    <enablefollowme>false</enablefollowme>
    <sendmenotifications>false</sendmenotifications>
    <sendTextmessages>false</sendTextmessages>
    <enabletagging>false</enabletagging>
    <createdAt>2019-12-26T06:20:51.0353245</createdAt>
    <updatedAt>2019-12-30T06:24:31.9803752</updatedAt>
    <livelng>77.3790045</livelng>
    <livelat>28.630205699999998</livelat>
    <liveLocation>Suite No. 203 H - 15 Rise tower, Sector 63, H Block, Sector 62, Noida, Uttar Pradesh 201301, India</liveLocation>
    <creditBalance>77</creditBalance>
    <myCash>0</myCash>
  </row>
  <row>
    <id>3039</id>
    <name>jagjit</name>
    <email>jagjit.singh.adequate.36@gmail.com</email>
    <password>Test@1234</password>
    <about>Take a chance and live life to the fullest. When we are at our most daring is when we feel the most fulfillment.</about>
    <token>1e150816-7075-4d6d-b3d6-eb1c0e415e61</token>
    <country/>
    <location>Delhi - Meerut Expy, Nai Basti Dundahera, Ghaziabad, Uttar Pradesh 201009, India</location>
    <lng>0</lng>
    <lat>0</lat>
    <dob>2012-01-03T12:00:00</dob>
    <gender>1</gender>
    <userType>1</userType>
    <userStatus>1</userStatus>
    <profilePicture>Images/fe49d058-de88-4805-8e2d-0c002b090d15.png</profilePicture>
    <coverPicture>Images/a3dc98f7-0754-4616-bbc0-0395e19bb899.png</coverPicture>
    <enablefollowme>false</enablefollowme>
    <sendmenotifications>false</sendmenotifications>
    <sendTextmessages>false</sendTextmessages>
    <enabletagging>false</enabletagging>
    <createdAt>2019-12-26T06:20:32.873132</createdAt>
    <updatedAt>2020-01-02T06:29:36.6383214</updatedAt>
    <livelng>77.3790121</livelng>
    <livelat>28.630189800000004</livelat>
    <liveLocation>H15, H Block, Sector 63, Noida, Uttar Pradesh 201301, India</liveLocation>
    <creditBalance>32</creditBalance>
    <myCash>0</myCash>
  </row>
  <row>
    <id>3038</id>
    <name>Ashi 123</name>
    <email>ashi123@gmail.com</email>
    <password>Test@1234</password>
    <about/>
    <token>61a43ad3-02b3-4431-8c1b-1d29933147e1</token>
    <country/>
    <location/>
    <lng>0</lng>
    <lat>0</lat>
    <dob/>
    <gender>0</gender>
    <userType>1</userType>
    <userStatus>1</userStatus>
    <profilePicture/>
    <coverPicture/>
    <enablefollowme>false</enablefollowme>
    <sendmenotifications>false</sendmenotifications>
    <sendTextmessages>false</sendTextmessages>
    <enabletagging>false</enabletagging>
    <createdAt>2019-12-26T05:30:27.4225101</createdAt>
    <updatedAt>2019-12-26T05:30:27.4225102</updatedAt>
    <livelng>0</livelng>
    <livelat>0</livelat>
    <liveLocation/>
    <creditBalance>0</creditBalance>
    <myCash>0</myCash>
  </row>
  <row>
    <id>3037</id>
    <name>shivamvermaa4</name>
    <email>shivam.vemaa4@gmail.com</email>
    <password>Shivam@123</password>
    <about/>
    <token>97534ce9-5386-4b92-9741-fc1860bbcd1a</token>
    <country/>
    <location/>
    <lng>0</lng>
    <lat>0</lat>
    <dob/>
    <gender>0</gender>
    <userType>1</userType>
    <userStatus>1</userStatus>
    <profilePicture/>
    <coverPicture/>
    <enablefollowme>false</enablefollowme>
    <sendmenotifications>false</sendmenotifications>
    <sendTextmessages>false</sendTextmessages>
    <enabletagging>false</enabletagging>
    <createdAt>2019-12-24T11:58:30.3613651</createdAt>
    <updatedAt>2019-12-24T11:58:30.3613651</updatedAt>
    <livelng>77.389849</livelng>
    <livelat>28.6282231</livelat>
    <liveLocation>Unnamed Road, Chhijarsi, Sector 63, Noida, Uttar Pradesh 201307, India</liveLocation>
    <creditBalance>10</creditBalance>
    <myCash>0</myCash>
  </row>
  <row>
    <id>3036</id>
    <name>Sophia</name>
    <email>n2@gmail.com</email>
    <password>Test@123</password>
    <about>WE</about>
    <token>1ebfb0ac-7d98-43fb-ba41-0e40091c6071</token>
    <country/>
    <location>Saint-Louis-Strasse 3, 4056 Basel, Switzerland</location>
    <lng>0</lng>
    <lat>0</lat>
    <dob>2019-12-18T03:18:47</dob>
    <gender>1</gender>
    <userType>1</userType>
    <userStatus>1</userStatus>
    <profilePicture>Images/f3f7694a-0de4-4598-b141-39ad550d1912.png</profilePicture>
    <coverPicture>Images/ae9868ef-f87c-4cc2-8429-5cb46dba6cbd.png</coverPicture>
    <enablefollowme>false</enablefollowme>
    <sendmenotifications>false</sendmenotifications>
    <sendTextmessages>false</sendTextmessages>
    <enabletagging>false</enabletagging>
    <createdAt>2019-12-24T11:36:36.1739424</createdAt>
    <updatedAt>2019-12-26T09:48:57.2586835</updatedAt>
    <livelng>77.389849</livelng>
    <livelat>28.6282231</livelat>
    <liveLocation>Unnamed Road, Chhijarsi, Sector 63, Noida, Uttar Pradesh 201307, India</liveLocation>
    <creditBalance>45</creditBalance>
    <myCash>0</myCash>
  </row>
  <row>
    <id>3035</id>
    <name>n1</name>
    <email>n1@gmail.com</email>
    <password>Test@123</password>
    <about>An ordinary Bharitya</about>
    <token>c40422ef-27ac-4e40-adf5-87403143dc99</token>
    <country/>
    <location>451 DERA THAKRAN HARIDWAR ROAD MAHANT BALBIR SINGH MARKET, Haridwar Road, Haridwar Rd, Chauda Bigha, Rishikesh, Uttarakhand 249201, India</location>
    <lng>0</lng>
    <lat>0</lat>
    <dob>2019-12-17T12:33:26</dob>
    <gender>1</gender>
    <userType>1</userType>
    <userStatus>1</userStatus>
    <profilePicture>Images/4e60754a-e8a7-4db7-b266-f28b2bcf00ae.png</profilePicture>
    <coverPicture>Images/9ca02453-ecfe-4852-9124-aa0595a9e692.png</coverPicture>
    <enablefollowme>false</enablefollowme>
    <sendmenotifications>false</sendmenotifications>
    <sendTextmessages>false</sendTextmessages>
    <enabletagging>false</enabletagging>
    <createdAt>2019-12-24T11:36:03.4815197</createdAt>
    <updatedAt>2020-01-02T07:20:34.2742376</updatedAt>
    <livelng>77.389849</livelng>
    <livelat>28.6282231</livelat>
    <liveLocation>Unnamed Road, Chhijarsi, Sector 63, Noida, Uttar Pradesh 201307, India</liveLocation>
    <creditBalance>187</creditBalance>
    <myCash>0</myCash>
  </row>
  <row>
    <id>3034</id>
    <name>neha</name>
    <email>neha@gmail.com</email>
    <password>Test@123</password>
    <about/>
    <token>6aaaa999-8e14-40ca-b043-087624c48fd1</token>
    <country/>
    <location/>
    <lng>0</lng>
    <lat>0</lat>
    <dob/>
    <gender>0</gender>
    <userType>1</userType>
    <userStatus>1</userStatus>
    <profilePicture/>
    <coverPicture/>
    <enablefollowme>false</enablefollowme>
    <sendmenotifications>false</sendmenotifications>
    <sendTextmessages>false</sendTextmessages>
    <enabletagging>false</enabletagging>
    <createdAt>2019-12-24T10:35:00.1292083</createdAt>
    <updatedAt>2019-12-24T10:35:00.1292083</updatedAt>
    <livelng>77.3674236</livelng>
    <livelat>28.6260665</livelat>
    <liveLocation>35, Block A, Industrial Area, Sector 62, Noida, Uttar Pradesh 201309, India</liveLocation>
    <creditBalance>53</creditBalance>
    <myCash>0</myCash>
  </row>
  <row>
    <id>3033</id>
    <name>sanjay</name>
    <email>sanjay@gmail.com</email>
    <password>Test@123</password>
    <about/>
    <token>c9989beb-685a-41d7-b6de-77dd208979df</token>
    <country/>
    <location/>
    <lng>0</lng>
    <lat>0</lat>
    <dob/>
    <gender>0</gender>
    <userType>1</userType>
    <userStatus>1</userStatus>
    <profilePicture/>
    <coverPicture/>
    <enablefollowme>false</enablefollowme>
    <sendmenotifications>false</sendmenotifications>
    <sendTextmessages>false</sendTextmessages>
    <enabletagging>false</enabletagging>
    <createdAt>2019-12-24T08:16:23.8466413</createdAt>
    <updatedAt>2019-12-24T08:16:23.8466414</updatedAt>
    <livelng>77.3674236</livelng>
    <livelat>28.6260665</livelat>
    <liveLocation>35, Block A, Industrial Area, Sector 62, Noida, Uttar Pradesh 201309, India</liveLocation>
    <creditBalance>81</creditBalance>
    <myCash>0</myCash>
  </row>
  <row>
    <id>3032</id>
    <name>Akku2</name>
    <email>akku2@gmail.com</email>
    <password>zxcvbnm1</password>
    <about/>
    <token>12ac2112-c7b3-47d3-8d48-e839a1ce3955</token>
    <country/>
    <location/>
    <lng>0</lng>
    <lat>0</lat>
    <dob/>
    <gender>0</gender>
    <userType>1</userType>
    <userStatus>1</userStatus>
    <profilePicture/>
    <coverPicture/>
    <enablefollowme>false</enablefollowme>
    <sendmenotifications>false</sendmenotifications>
    <sendTextmessages>false</sendTextmessages>
    <enabletagging>false</enabletagging>
    <createdAt>2019-12-24T07:30:32.9445148</createdAt>
    <updatedAt>2019-12-24T07:30:32.9445148</updatedAt>
    <livelng>77.3790472</livelng>
    <livelat>28.6302199</livelat>
    <liveLocation>H15, H Block, Sector 63, Noida, Uttar Pradesh 201301, India</liveLocation>
    <creditBalance>0</creditBalance>
    <myCash>0</myCash>
  </row>
  <row>
    <id>3031</id>
    <name>Ashish Thapliyal</name>
    <email>ashi1@gmail.com</email>
    <password>Test@1234</password>
    <about>I Am Who I Am, Your Approval Is Not Needed. I Was Reminded That My Blood Type Is Be Positive</about>
    <token>8889db9b-01f6-4305-b07d-aecc516037bb</token>
    <country/>
    <location>NH34, Shatabdi Nagar, Rithani, Meerut, Uttar Pradesh 250103, India</location>
    <lng>0</lng>
    <lat>0</lat>
    <dob>1996-10-22T12:00:00</dob>
    <gender>1</gender>
    <userType>1</userType>
    <userStatus>1</userStatus>
    <profilePicture>Images/fc8af47d-ef15-4c25-9d3f-a7a58c7444f9.png</profilePicture>
    <coverPicture>Images/92d0e3d1-c075-4dd8-8e8c-196f30e1e689.png</coverPicture>
    <enablefollowme>true</enablefollowme>
    <sendmenotifications>true</sendmenotifications>
    <sendTextmessages>true</sendTextmessages>
    <enabletagging>true</enabletagging>
    <createdAt>2019-12-24T06:52:08.6757278</createdAt>
    <updatedAt>2020-01-02T06:30:51.6595305</updatedAt>
    <livelng>77.3790169</livelng>
    <livelat>28.6301942</livelat>
    <liveLocation>H15, H Block, Sector 63, Noida, Uttar Pradesh 201301, India</liveLocation>
    <creditBalance>206</creditBalance>
    <myCash>0</myCash>
  </row>
  <row>
    <id>3030</id>
    <name>singh</name>
    <email>singh@gmail.com</email>
    <password>Test@123</password>
    <about>jdfgjghjgf </about>
    <token>280a1f00-8597-4eee-8d46-9c8d5a120ac7</token>
    <country/>
    <location>Jg Halli Rd, Karnataka 577533, India</location>
    <lng>0</lng>
    <lat>0</lat>
    <dob>2019-12-04T03:25:02</dob>
    <gender>1</gender>
    <userType>1</userType>
    <userStatus>1</userStatus>
    <profilePicture>Images/2f6c09a2-d758-45af-8724-e69a6b2eeed4.png</profilePicture>
    <coverPicture>Images/4c997464-7384-4f26-bcab-ba6d0f1474b9.png</coverPicture>
    <enablefollowme>false</enablefollowme>
    <sendmenotifications>false</sendmenotifications>
    <sendTextmessages>false</sendTextmessages>
    <enabletagging>false</enabletagging>
    <createdAt>2019-12-24T06:32:23.0727945</createdAt>
    <updatedAt>2019-12-24T09:39:40.1944746</updatedAt>
    <livelng>77.38982399999999</livelng>
    <livelat>28.6285824</livelat>
    <liveLocation>noidya sector 63 Vidya polymer, Chhijarsi, Sector 63, Noida, Uttar Pradesh 201307, India</liveLocation>
    <creditBalance>30</creditBalance>
    <myCash>0</myCash>
  </row>
  <row>
    <id>3029</id>
    <name>Akku Testing</name>
    <email>akku1@gmail.com</email>
    <password>zxcvbnm1</password>
    <about>For some reason you&#x27;ve got &quot;bootstrap-sass&quot;: &quot;^3.3.7&quot; so it looks like you are mixing Bootstrap versions and might be using Bootstrap 3, effectively.</about>
    <token>7b0400eb-cd4f-45df-a8db-0c0871d46906</token>
    <country/>
    <location>Noida-Greater Noida Expressway, Amit Nagar, Sadarpur, Greater Noida, Uttar Pradesh, India</location>
    <lng>0</lng>
    <lat>0</lat>
    <dob>2019-12-18T06:26:55</dob>
    <gender>2</gender>
    <userType>1</userType>
    <userStatus>1</userStatus>
    <profilePicture>Images/eba5299c-5405-45cc-ac33-ef725d3e7bec.png</profilePicture>
    <coverPicture>Images/b1d0cff4-3f1f-4571-a638-1e1094eb86bb.png</coverPicture>
    <enablefollowme>true</enablefollowme>
    <sendmenotifications>true</sendmenotifications>
    <sendTextmessages>true</sendTextmessages>
    <enabletagging>false</enabletagging>
    <createdAt>2019-12-24T06:31:54.9038705</createdAt>
    <updatedAt>2019-12-24T13:00:12.9520741</updatedAt>
    <livelng>77.3790246</livelng>
    <livelat>28.6302159</livelat>
    <liveLocation>H15, H Block, Sector 63, Noida, Uttar Pradesh 201301, India</liveLocation>
    <creditBalance>161</creditBalance>
    <myCash>0</myCash>
  </row>
  <row>
    <id>3028</id>
    <name>Aakankshi Gupta</name>
    <email>aakankshi.cuminte@gmail.com</email>
    <password>116331365713184193775</password>
    <about/>
    <token>c916c01f-5844-445b-9f5a-e60d77ecb620</token>
    <country/>
    <location/>
    <lng>0</lng>
    <lat>0</lat>
    <dob/>
    <gender>0</gender>
    <userType>1</userType>
    <userStatus>1</userStatus>
    <profilePicture>Images/9d38d28e-4021-4063-a703-821d1878a18c.png</profilePicture>
    <coverPicture/>
    <enablefollowme>false</enablefollowme>
    <sendmenotifications>false</sendmenotifications>
    <sendTextmessages>false</sendTextmessages>
    <enabletagging>false</enabletagging>
    <createdAt>2019-12-16T06:56:43.320768</createdAt>
    <updatedAt>2019-12-16T06:56:43.3207681</updatedAt>
    <livelng>77.37902439999999</livelng>
    <livelat>28.630209599999997</livelat>
    <liveLocation>H15, H Block, Sector 63, Noida, Uttar Pradesh 201301, India</liveLocation>
    <creditBalance>0</creditBalance>
    <myCash>0</myCash>
  </row>
  <row>
    <id>3026</id>
    <name>Manresh Chandra 5</name>
    <email>manresh5@gmail.com</email>
    <password>zxcvbnm1</password>
    <about>about.me is a personal web hosting service co-founded by Ryan Freitas, Tony Conrad and Tim Young in October 2009.a</about>
    <token>3c8ad706-9667-477a-adb6-3539f7b10a67</token>
    <country/>
    <location>Deák Ferenc tér</location>
    <lng>0</lng>
    <lat>0</lat>
    <dob>2019-12-11T11:24:07</dob>
    <gender>3</gender>
    <userType>1</userType>
    <userStatus>1</userStatus>
    <profilePicture/>
    <coverPicture/>
    <enablefollowme>true</enablefollowme>
    <sendmenotifications>true</sendmenotifications>
    <sendTextmessages>true</sendTextmessages>
    <enabletagging>false</enabletagging>
    <createdAt>2019-12-16T05:13:28.5717641</createdAt>
    <updatedAt>2019-12-16T05:13:28.5717641</updatedAt>
    <livelng>77.3790338</livelng>
    <livelat>28.630177699999997</livelat>
    <liveLocation>H15, H Block, Sector 63, Noida, Uttar Pradesh 201301, India</liveLocation>
    <creditBalance>0</creditBalance>
    <myCash>0</myCash>
  </row>
  <row>
    <id>3025</id>
    <name>Manresh Chandra 4</name>
    <email>manresh4@gmail.com</email>
    <password>zxcvbnm1</password>
    <about/>
    <token>8131e59d-7c83-4024-9423-0639a5887b52</token>
    <country/>
    <location/>
    <lng>0</lng>
    <lat>0</lat>
    <dob/>
    <gender>0</gender>
    <userType>1</userType>
    <userStatus>1</userStatus>
    <profilePicture/>
    <coverPicture/>
    <enablefollowme>false</enablefollowme>
    <sendmenotifications>false</sendmenotifications>
    <sendTextmessages>false</sendTextmessages>
    <enabletagging>false</enabletagging>
    <createdAt>2019-12-16T05:11:34.473505</createdAt>
    <updatedAt>2019-12-16T05:11:34.473505</updatedAt>
    <livelng>0</livelng>
    <livelat>0</livelat>
    <liveLocation/>
    <creditBalance>0</creditBalance>
    <myCash>0</myCash>
  </row>
  <row>
    <id>3024</id>
    <name>Manresh Chandra 3</name>
    <email>manresh3@gmail.com</email>
    <password>zxcvbnm1</password>
    <about/>
    <token>dc752b59-3d36-4b07-bc5c-6cd5913bae83</token>
    <country/>
    <location/>
    <lng>0</lng>
    <lat>0</lat>
    <dob/>
    <gender>0</gender>
    <userType>1</userType>
    <userStatus>1</userStatus>
    <profilePicture/>
    <coverPicture/>
    <enablefollowme>false</enablefollowme>
    <sendmenotifications>false</sendmenotifications>
    <sendTextmessages>false</sendTextmessages>
    <enabletagging>false</enabletagging>
    <createdAt>2019-12-16T05:03:39.4564421</createdAt>
    <updatedAt>2019-12-16T05:03:39.4564423</updatedAt>
    <livelng>0</livelng>
    <livelat>0</livelat>
    <liveLocation/>
    <creditBalance>3</creditBalance>
    <myCash>0</myCash>
  </row>
  <row>
    <id>3023</id>
    <name>Manresh Chandra 2</name>
    <email>manresh2@gmail.com</email>
    <password>zxcvbnm1</password>
    <about/>
    <token>867f49f2-8af8-45bf-9bd5-28ec641d3c44</token>
    <country/>
    <location/>
    <lng>0</lng>
    <lat>0</lat>
    <dob/>
    <gender>0</gender>
    <userType>1</userType>
    <userStatus>1</userStatus>
    <profilePicture/>
    <coverPicture/>
    <enablefollowme>false</enablefollowme>
    <sendmenotifications>false</sendmenotifications>
    <sendTextmessages>false</sendTextmessages>
    <enabletagging>false</enabletagging>
    <createdAt>2019-12-16T05:01:14.0246654</createdAt>
    <updatedAt>2019-12-16T05:01:14.0246654</updatedAt>
    <livelng>0</livelng>
    <livelat>0</livelat>
    <liveLocation/>
    <creditBalance>0</creditBalance>
    <myCash>0</myCash>
  </row>
  <row>
    <id>3022</id>
    <name>Raju Prasad</name>
    <email>raju.prasad@adequateinfosoft.com</email>
    <password>Raju@1234</password>
    <about/>
    <token>58ecfd42-7f10-440e-8007-29c6fa524040</token>
    <country/>
    <location/>
    <lng>0</lng>
    <lat>0</lat>
    <dob/>
    <gender>0</gender>
    <userType>1</userType>
    <userStatus>1</userStatus>
    <profilePicture/>
    <coverPicture/>
    <enablefollowme>false</enablefollowme>
    <sendmenotifications>false</sendmenotifications>
    <sendTextmessages>false</sendTextmessages>
    <enabletagging>false</enabletagging>
    <createdAt>2019-12-13T14:36:34.2151655</createdAt>
    <updatedAt>2019-12-13T14:36:34.2151655</updatedAt>
    <livelng>0</livelng>
    <livelat>0</livelat>
    <liveLocation/>
    <creditBalance>0</creditBalance>
    <myCash>0</myCash>
  </row>
  <row>
    <id>3021</id>
    <name>Ashok Patel</name>
    <email>ashoktest@gmail.com</email>
    <password>ashokpatel457</password>
    <about/>
    <token>520302ff-b08d-445f-be70-11c02d257e7e</token>
    <country/>
    <location/>
    <lng>0</lng>
    <lat>0</lat>
    <dob/>
    <gender>0</gender>
    <userType>1</userType>
    <userStatus>1</userStatus>
    <profilePicture/>
    <coverPicture/>
    <enablefollowme>false</enablefollowme>
    <sendmenotifications>false</sendmenotifications>
    <sendTextmessages>false</sendTextmessages>
    <enabletagging>false</enabletagging>
    <createdAt>2019-12-13T13:47:59.4288322</createdAt>
    <updatedAt>2019-12-13T13:47:59.4288322</updatedAt>
    <livelng>0</livelng>
    <livelat>0</livelat>
    <liveLocation/>
    <creditBalance>3</creditBalance>
    <myCash>0</myCash>
  </row>
  <row>
    <id>2021</id>
    <name>manresh1</name>
    <email>manresh1@gmail.com</email>
    <password>zxcvbnm1</password>
    <about/>
    <token>9305e1c5-82e2-4a79-b0ca-37bb5880f505</token>
    <country/>
    <location/>
    <lng>0</lng>
    <lat>0</lat>
    <dob/>
    <gender>0</gender>
    <userType>1</userType>
    <userStatus>1</userStatus>
    <profilePicture/>
    <coverPicture/>
    <enablefollowme>false</enablefollowme>
    <sendmenotifications>false</sendmenotifications>
    <sendTextmessages>false</sendTextmessages>
    <enabletagging>false</enabletagging>
    <createdAt>2019-12-13T13:17:31.2904215</createdAt>
    <updatedAt>2019-12-13T13:17:31.2904216</updatedAt>
    <livelng>0</livelng>
    <livelat>0</livelat>
    <liveLocation/>
    <creditBalance>2</creditBalance>
    <myCash>0</myCash>
  </row>
  <row>
    <id>2020</id>
    <name>Manresh Chandra</name>
    <email>manresh@gmail.com</email>
    <password>zxcvbnm1</password>
    <about>My Name is Manresh Chandra. I&#x27;m self Motivated Person. I considers mine a ‘forever student,’</about>
    <token>bc370f5f-7d13-4fe6-9c2c-848198394f8a</token>
    <country/>
    <location/>
    <lng>0</lng>
    <lat>0</lat>
    <dob/>
    <gender>0</gender>
    <userType>1</userType>
    <userStatus>1</userStatus>
    <profilePicture/>
    <coverPicture/>
    <enablefollowme>false</enablefollowme>
    <sendmenotifications>false</sendmenotifications>
    <sendTextmessages>false</sendTextmessages>
    <enabletagging>false</enabletagging>
    <createdAt>2019-12-13T07:08:47.9644619</createdAt>
    <updatedAt>2019-12-13T07:08:47.9644619</updatedAt>
    <livelng>0</livelng>
    <livelat>0</livelat>
    <liveLocation/>
    <creditBalance>3</creditBalance>
    <myCash>0</myCash>
  </row>
  <row>
    <id>2019</id>
    <name>Test</name>
    <email>aakankshi7@gmail.com</email>
    <password>zxcvbnm1</password>
    <about>test</about>
    <token>5a1218d2-5d66-4255-9137-0f7e700bdcab</token>
    <country/>
    <location>Noida</location>
    <lng>0</lng>
    <lat>0</lat>
    <dob>2019-11-12T00:00:00</dob>
    <gender>2</gender>
    <userType>1</userType>
    <userStatus>1</userStatus>
    <profilePicture/>
    <coverPicture>Images/6f1437c7-7796-4d27-8b9a-041f3c5b86d4.png</coverPicture>
    <enablefollowme>false</enablefollowme>
    <sendmenotifications>false</sendmenotifications>
    <sendTextmessages>false</sendTextmessages>
    <enabletagging>false</enabletagging>
    <createdAt>2019-12-05T05:39:51.4928759</createdAt>
    <updatedAt>2019-12-05T06:41:24.107938</updatedAt>
    <livelng>0</livelng>
    <livelat>0</livelat>
    <liveLocation/>
    <creditBalance>2</creditBalance>
    <myCash>0</myCash>
  </row>
  <row>
    <id>2018</id>
    <name>aakankshi6</name>
    <email>aakankshi6@gmail.com</email>
    <password>zxcvbnm1</password>
    <about>A traveller without observation is a bird without wings . Life is a journey, not a destination. Never stop exploring</about>
    <token>0ab8257f-7574-476d-b96f-508d3917af9b</token>
    <country/>
    <location>Noida</location>
    <lng>0</lng>
    <lat>0</lat>
    <dob>2019-12-18T00:00:00</dob>
    <gender>3</gender>
    <userType>1</userType>
    <userStatus>1</userStatus>
    <profilePicture>Images/2e38c3c4-9e55-4b07-aedf-7e91934c167b.png</profilePicture>
    <coverPicture>Images/938e342d-bd4e-4121-b222-9cb28f670d36.png</coverPicture>
    <enablefollowme>false</enablefollowme>
    <sendmenotifications>false</sendmenotifications>
    <sendTextmessages>false</sendTextmessages>
    <enabletagging>false</enabletagging>
    <createdAt>2019-12-05T05:16:04.4212331</createdAt>
    <updatedAt>2019-12-05T12:25:13.6221215</updatedAt>
    <livelng>0</livelng>
    <livelat>0</livelat>
    <liveLocation/>
    <creditBalance>0</creditBalance>
    <myCash>0</myCash>
  </row>
  <row>
    <id>2017</id>
    <name>aakankshi5</name>
    <email>aakankshi5@gmail.com</email>
    <password>zxcvbnm1</password>
    <about/>
    <token>b6fcf970-3271-492b-866c-76238f126c3f</token>
    <country/>
    <location/>
    <lng>0</lng>
    <lat>0</lat>
    <dob/>
    <gender>0</gender>
    <userType>1</userType>
    <userStatus>1</userStatus>
    <profilePicture>Images/86652baa-c60c-4ef8-8d65-0fda9bde5ae9.png</profilePicture>
    <coverPicture>Images/51e3fb5e-a9a6-4b3d-8da0-7e882d7774db.png</coverPicture>
    <enablefollowme>false</enablefollowme>
    <sendmenotifications>false</sendmenotifications>
    <sendTextmessages>false</sendTextmessages>
    <enabletagging>false</enabletagging>
    <createdAt>2019-12-05T05:06:49.1838089</createdAt>
    <updatedAt>2019-12-05T05:22:00.9403881</updatedAt>
    <livelng>0</livelng>
    <livelat>0</livelat>
    <liveLocation/>
    <creditBalance>1</creditBalance>
    <myCash>0</myCash>
  </row>
  <row>
    <id>2016</id>
    <name>aakankshi4</name>
    <email>aakankshi4@gmail.com</email>
    <password>zxcvbnm1</password>
    <about/>
    <token>1b43db89-29a4-4966-ae57-86d705978dd3</token>
    <country/>
    <location/>
    <lng>0</lng>
    <lat>0</lat>
    <dob/>
    <gender>0</gender>
    <userType>1</userType>
    <userStatus>1</userStatus>
    <profilePicture>Images/3a369b02-20f5-46fc-b6d5-811c071d8afa.png</profilePicture>
    <coverPicture>Images/7b23cd21-0474-473a-9b44-4bf97f67fba9.png</coverPicture>
    <enablefollowme>false</enablefollowme>
    <sendmenotifications>false</sendmenotifications>
    <sendTextmessages>false</sendTextmessages>
    <enabletagging>false</enabletagging>
    <createdAt>2019-12-05T05:04:21.8383669</createdAt>
    <updatedAt>2019-12-05T05:21:57.4139934</updatedAt>
    <livelng>0</livelng>
    <livelat>0</livelat>
    <liveLocation/>
    <creditBalance>0</creditBalance>
    <myCash>0</myCash>
  </row>
  <row>
    <id>2015</id>
    <name>aakankshi3</name>
    <email>aakankshi3@gmail.com</email>
    <password>zxcvbnm1</password>
    <about/>
    <token>d65f85e3-0f8d-4c67-8de8-1546a7518cba</token>
    <country/>
    <location/>
    <lng>0</lng>
    <lat>0</lat>
    <dob/>
    <gender>0</gender>
    <userType>1</userType>
    <userStatus>1</userStatus>
    <profilePicture>Images/a855f15e-f3b5-4873-8fdd-49172f8d5d51.png</profilePicture>
    <coverPicture>Images/77db74bd-6df5-4dd3-abcc-f021e6486521.png</coverPicture>
    <enablefollowme>false</enablefollowme>
    <sendmenotifications>false</sendmenotifications>
    <sendTextmessages>false</sendTextmessages>
    <enabletagging>false</enabletagging>
    <createdAt>2019-12-05T05:02:05.1655627</createdAt>
    <updatedAt>2019-12-05T05:21:54.2379269</updatedAt>
    <livelng>0</livelng>
    <livelat>0</livelat>
    <liveLocation/>
    <creditBalance>0</creditBalance>
    <myCash>0</myCash>
  </row>
  <row>
    <id>2014</id>
    <name>Aakankshi 2</name>
    <email>aakankshi2@gmail.com</email>
    <password>zxcvbnm1</password>
    <about>ewewrewrew</about>
    <token>4e2923a9-b059-4dc9-8d92-ce0cffa84208</token>
    <country/>
    <location>Dada Dev Mandir Road</location>
    <lng>0</lng>
    <lat>0</lat>
    <dob>2019-12-11T00:00:00</dob>
    <gender>0</gender>
    <userType>1</userType>
    <userStatus>1</userStatus>
    <profilePicture/>
    <coverPicture/>
    <enablefollowme>true</enablefollowme>
    <sendmenotifications>true</sendmenotifications>
    <sendTextmessages>true</sendTextmessages>
    <enabletagging>false</enabletagging>
    <createdAt>2019-12-05T05:00:19.5034062</createdAt>
    <updatedAt>2019-12-05T05:00:19.5034063</updatedAt>
    <livelng>77.3790249</livelng>
    <livelat>28.6302141</livelat>
    <liveLocation>H15, H Block, Sector 63, Noida, Uttar Pradesh 201301, India</liveLocation>
    <creditBalance>5</creditBalance>
    <myCash>0</myCash>
  </row>
  <row>
    <id>2013</id>
    <name>Aakankshi 1</name>
    <email>aakankshi1@gmail.com</email>
    <password>zxcvbnm1</password>
    <about>foundations in psychology and sociology and stassy </about>
    <token>d7fa7194-5ac2-4e32-b11b-3792e5cc067c</token>
    <country/>
    <location>Delhi</location>
    <lng>0</lng>
    <lat>0</lat>
    <dob>2019-12-26T06:12:30</dob>
    <gender>1</gender>
    <userType>1</userType>
    <userStatus>1</userStatus>
    <profilePicture/>
    <coverPicture/>
    <enablefollowme>true</enablefollowme>
    <sendmenotifications>true</sendmenotifications>
    <sendTextmessages>true</sendTextmessages>
    <enabletagging>true</enabletagging>
    <createdAt>2019-12-05T04:38:32.7808454</createdAt>
    <updatedAt>2019-12-06T05:41:05.3597939</updatedAt>
    <livelng>77.389849</livelng>
    <livelat>28.6282231</livelat>
    <liveLocation>Unnamed Road, Chhijarsi, Sector 63, Noida, Uttar Pradesh 201307, India</liveLocation>
    <creditBalance>269</creditBalance>
    <myCash>36</myCash>
  </row>
  <row>
    <id>2012</id>
    <name>Aakankshi Gupta</name>
    <email>aakankshi@gmail.com</email>
    <password>zxcvbnm1</password>
    <about/>
    <token>4c02ee6e-2cb5-4b75-888f-4adb7c790dad</token>
    <country/>
    <location/>
    <lng>0</lng>
    <lat>0</lat>
    <dob/>
    <gender>0</gender>
    <userType>1</userType>
    <userStatus>1</userStatus>
    <profilePicture/>
    <coverPicture/>
    <enablefollowme>false</enablefollowme>
    <sendmenotifications>false</sendmenotifications>
    <sendTextmessages>false</sendTextmessages>
    <enabletagging>false</enabletagging>
    <createdAt>2019-12-05T04:35:42.6189131</createdAt>
    <updatedAt>2019-12-05T04:35:42.6189131</updatedAt>
    <livelng>0</livelng>
    <livelat>0</livelat>
    <liveLocation/>
    <creditBalance>3</creditBalance>
    <myCash>0</myCash>
  </row>
  <row>
    <id>2011</id>
    <name>Aankashi</name>
    <email>alokpatel@gmail.com</email>
    <password>pankaj@123</password>
    <about>its me</about>
    <token>4516169a-58e3-4d04-a355-8c608be5d583</token>
    <country/>
    <location>New Delhi</location>
    <lng>0</lng>
    <lat>0</lat>
    <dob>2019-12-05T00:00:00</dob>
    <gender>1</gender>
    <userType>1</userType>
    <userStatus>1</userStatus>
    <profilePicture>Images/9b0f8891-98ec-4b10-91b8-a9f8fbb6d108.png</profilePicture>
    <coverPicture>Images/fe2c72d4-8eb6-47e6-9e8e-5d1e15e2b9ea.png</coverPicture>
    <enablefollowme>false</enablefollowme>
    <sendmenotifications>false</sendmenotifications>
    <sendTextmessages>false</sendTextmessages>
    <enabletagging>false</enabletagging>
    <createdAt>2019-11-30T05:36:52.1332523</createdAt>
    <updatedAt>2019-12-05T05:21:49.0948144</updatedAt>
    <livelng>0</livelng>
    <livelat>0</livelat>
    <liveLocation/>
    <creditBalance>4</creditBalance>
    <myCash>0</myCash>
  </row>
  <row>
    <id>2010</id>
    <name>Test 10</name>
    <email>test02@gmail.com</email>
    <password>123456</password>
    <about/>
    <token>ba805b5d-f38f-4a33-9fcb-60f30923479d</token>
    <country/>
    <location/>
    <lng>0</lng>
    <lat>0</lat>
    <dob/>
    <gender>0</gender>
    <userType>1</userType>
    <userStatus>1</userStatus>
    <profilePicture/>
    <coverPicture/>
    <enablefollowme>false</enablefollowme>
    <sendmenotifications>false</sendmenotifications>
    <sendTextmessages>false</sendTextmessages>
    <enabletagging>false</enabletagging>
    <createdAt>2019-11-27T10:41:07.8215121</createdAt>
    <updatedAt>2019-11-27T10:41:07.8215122</updatedAt>
    <livelng>0</livelng>
    <livelat>0</livelat>
    <liveLocation/>
    <creditBalance>3</creditBalance>
    <myCash>0</myCash>
  </row>
  <row>
    <id>2009</id>
    <name>Test 9</name>
    <email>test10@gmail.com</email>
    <password>123456</password>
    <about/>
    <token>1fa26ffa-465e-499f-ae9d-3e36fb94a0ea</token>
    <country/>
    <location/>
    <lng>0</lng>
    <lat>0</lat>
    <dob/>
    <gender>0</gender>
    <userType>1</userType>
    <userStatus>1</userStatus>
    <profilePicture/>
    <coverPicture/>
    <enablefollowme>false</enablefollowme>
    <sendmenotifications>false</sendmenotifications>
    <sendTextmessages>false</sendTextmessages>
    <enabletagging>false</enabletagging>
    <createdAt>2019-11-27T10:20:10.5816545</createdAt>
    <updatedAt>2019-11-27T10:20:10.5816545</updatedAt>
    <livelng>0</livelng>
    <livelat>0</livelat>
    <liveLocation/>
    <creditBalance>0</creditBalance>
    <myCash>0</myCash>
  </row>
  <row>
    <id>2008</id>
    <name>Test 8</name>
    <email>test3@test.com</email>
    <password>123456</password>
    <about/>
    <token>822e8f5c-74ba-41f9-911e-9e5a47351dc5</token>
    <country/>
    <location/>
    <lng>0</lng>
    <lat>0</lat>
    <dob/>
    <gender>0</gender>
    <userType>1</userType>
    <userStatus>1</userStatus>
    <profilePicture/>
    <coverPicture/>
    <enablefollowme>false</enablefollowme>
    <sendmenotifications>false</sendmenotifications>
    <sendTextmessages>false</sendTextmessages>
    <enabletagging>false</enabletagging>
    <createdAt>2019-11-27T10:09:42.6969868</createdAt>
    <updatedAt>2019-11-27T10:09:42.6969869</updatedAt>
    <livelng>0</livelng>
    <livelat>0</livelat>
    <liveLocation/>
    <creditBalance>0</creditBalance>
    <myCash>0</myCash>
  </row>
  <row>
    <id>2007</id>
    <name>Neeraj Singh</name>
    <email>neirajsingh100@gmail.com</email>
    <password>100569704678350206382</password>
    <about/>
    <token>47d25887-1933-4cbc-a4eb-6cc829c9cad6</token>
    <country/>
    <location/>
    <lng>0</lng>
    <lat>0</lat>
    <dob/>
    <gender>0</gender>
    <userType>1</userType>
    <userStatus>1</userStatus>
    <profilePicture>/images/9c2dbeed-5ce9-4411-a549-255dc35da175.png</profilePicture>
    <coverPicture>Images/d3cfe52d-93b0-4f35-87c9-d0c2f18f8daa.png</coverPicture>
    <enablefollowme>false</enablefollowme>
    <sendmenotifications>false</sendmenotifications>
    <sendTextmessages>false</sendTextmessages>
    <enabletagging>false</enabletagging>
    <createdAt>2019-11-26T12:42:18.6778716</createdAt>
    <updatedAt>2019-12-05T05:20:40.9827126</updatedAt>
    <livelng>0</livelng>
    <livelat>0</livelat>
    <liveLocation/>
    <creditBalance>2</creditBalance>
    <myCash>0</myCash>
  </row>
  <row>
    <id>2006</id>
    <name>Hr. Niels Henriksen</name>
    <email>contact@adequateinfosoft.com</email>
    <password>354343138574152</password>
    <about>i am software developer</about>
    <token>347d684e-da9b-450e-bc94-cd5a99b04234</token>
    <country/>
    <location>Jaypee Greens Pari Chowk, Tugalpur Village, Greater Noida, Uttar Pradesh 201310, India</location>
    <lng>0</lng>
    <lat>0</lat>
    <dob>2019-12-28T06:04:42</dob>
    <gender>1</gender>
    <userType>1</userType>
    <userStatus>1</userStatus>
    <profilePicture/>
    <coverPicture>Images/ac6a163f-af9f-46db-8327-94ab870000f4.png</coverPicture>
    <enablefollowme>false</enablefollowme>
    <sendmenotifications>false</sendmenotifications>
    <sendTextmessages>false</sendTextmessages>
    <enabletagging>false</enabletagging>
    <createdAt>2019-11-26T05:58:34.894975</createdAt>
    <updatedAt>2019-12-05T05:20:37.5393081</updatedAt>
    <livelng>77.3790241</livelng>
    <livelat>28.6302086</livelat>
    <liveLocation>H15, H Block, Sector 63, Noida, Uttar Pradesh 201301, India</liveLocation>
    <creditBalance>11</creditBalance>
    <myCash>0</myCash>
  </row>
  <row>
    <id>2005</id>
    <name>Test 6</name>
    <email>pankajadequate@gmail.com</email>
    <password>sndsjkdsaj161564sasa</password>
    <about/>
    <token>7a4ae2e1-5b65-4aad-96f0-43336fad5a3b</token>
    <country/>
    <location/>
    <lng>0</lng>
    <lat>0</lat>
    <dob/>
    <gender>0</gender>
    <userType>1</userType>
    <userStatus>1</userStatus>
    <profilePicture/>
    <coverPicture>Images/b372a834-231a-4ea1-beef-5c3c3fb33ef2.png</coverPicture>
    <enablefollowme>false</enablefollowme>
    <sendmenotifications>false</sendmenotifications>
    <sendTextmessages>false</sendTextmessages>
    <enabletagging>false</enabletagging>
    <createdAt>2019-11-25T13:12:47.6690112</createdAt>
    <updatedAt>2019-12-05T05:20:34.2935856</updatedAt>
    <livelng>0</livelng>
    <livelat>0</livelat>
    <liveLocation/>
    <creditBalance>2</creditBalance>
    <myCash>0</myCash>
  </row>
  <row>
    <id>2004</id>
    <name>Test 5</name>
    <email>pankajws@gmail.com</email>
    <password>Pankaj@123</password>
    <about/>
    <token>1fd08288-57aa-41d9-ae44-29fcbb0a78a6</token>
    <country/>
    <location/>
    <lng>0</lng>
    <lat>0</lat>
    <dob/>
    <gender>0</gender>
    <userType>1</userType>
    <userStatus>1</userStatus>
    <profilePicture/>
    <coverPicture>Images/519c95d8-79d3-4d18-bac8-fc75b817eac9.png</coverPicture>
    <enablefollowme>false</enablefollowme>
    <sendmenotifications>false</sendmenotifications>
    <sendTextmessages>false</sendTextmessages>
    <enabletagging>false</enabletagging>
    <createdAt>2019-11-25T11:29:06.938541</createdAt>
    <updatedAt>2019-12-05T05:20:30.604524</updatedAt>
    <livelng>0</livelng>
    <livelat>0</livelat>
    <liveLocation/>
    <creditBalance>4</creditBalance>
    <myCash>0</myCash>
  </row>
  <row>
    <id>2</id>
    <name>rajat Saxena</name>
    <email>rajat.nirmal@gmail.com</email>
    <password>test</password>
    <about>abcd</about>
    <token>00fb57db-10ad-4661-b3e0-7366c6698ac0</token>
    <country/>
    <location>3465</location>
    <lng>8.7977</lng>
    <lat>5.8348759</lat>
    <dob>2019-11-17T16:56:35.8</dob>
    <gender>1</gender>
    <userType>1</userType>
    <userStatus>1</userStatus>
    <profilePicture>Images/0f0ab4a5-4f00-4275-b2dc-be3b157f5e53.png</profilePicture>
    <coverPicture>Images/0153a968-6dd0-4c9c-9b92-8995e99985d3.png</coverPicture>
    <enablefollowme>false</enablefollowme>
    <sendmenotifications>false</sendmenotifications>
    <sendTextmessages>false</sendTextmessages>
    <enabletagging>false</enabletagging>
    <createdAt>2019-11-17T16:56:35.8</createdAt>
    <updatedAt>2019-12-05T05:21:02.1337931</updatedAt>
    <livelng>0</livelng>
    <livelat>0</livelat>
    <liveLocation/>
    <creditBalance>43</creditBalance>
    <myCash>0</myCash>
  </row>
  <row>
    <id>3</id>
    <name>Pankaj Patel</name>
    <email>Pankaj@gmail.com</email>
    <password>123456</password>
    <about/>
    <token>f6b4bcc8-448b-4b65-84cb-48e9569c5cfe</token>
    <country/>
    <location/>
    <lng>0</lng>
    <lat>0</lat>
    <dob/>
    <gender>0</gender>
    <userType>1</userType>
    <userStatus>1</userStatus>
    <profilePicture>Images/0eff867e-62ec-43a7-a535-7e83b6b27a30.png</profilePicture>
    <coverPicture>Images/4bbe816b-a60c-419f-a87b-34508c633d30.png</coverPicture>
    <enablefollowme>false</enablefollowme>
    <sendmenotifications>false</sendmenotifications>
    <sendTextmessages>false</sendTextmessages>
    <enabletagging>false</enabletagging>
    <createdAt>0001-01-01T00:00:00</createdAt>
    <updatedAt>2019-12-05T13:25:01.977078</updatedAt>
    <livelng>0</livelng>
    <livelat>0</livelat>
    <liveLocation/>
    <creditBalance>62</creditBalance>
    <myCash>0</myCash>
  </row>
  <row>
    <id>1003</id>
    <name>Test 2</name>
    <email>pankajabc@gmail.com</email>
    <password>Pankaj@123</password>
    <about>An ordinary bhartiya..</about>
    <token>c8f53478-4cfb-4382-8531-b44b6d20cd8c</token>
    <country/>
    <location>Jaipur Engineering College Rd, Kukas, Rajasthan 302028, India</location>
    <lng>0</lng>
    <lat>0</lat>
    <dob>2019-12-31T11:06:38</dob>
    <gender>2</gender>
    <userType>1</userType>
    <userStatus>1</userStatus>
    <profilePicture>Images/07cac01f-2a12-4125-ba8b-8eff42333925.png</profilePicture>
    <coverPicture>Images/db6fce41-9924-4c78-9099-c2890e6f0cac.png</coverPicture>
    <enablefollowme>false</enablefollowme>
    <sendmenotifications>false</sendmenotifications>
    <sendTextmessages>false</sendTextmessages>
    <enabletagging>false</enabletagging>
    <createdAt>0001-01-01T00:00:00</createdAt>
    <updatedAt>2019-12-23T13:43:27.5816869</updatedAt>
    <livelng>77.389849</livelng>
    <livelat>28.6282231</livelat>
    <liveLocation>Unnamed Road, Chhijarsi, Sector 63, Noida, Uttar Pradesh 201307, India</liveLocation>
    <creditBalance>16</creditBalance>
    <myCash>0</myCash>
  </row>
  <row>
    <id>1004</id>
    <name>Test 2</name>
    <email>pankajabcd@gmail.com</email>
    <password>Pankaj@123</password>
    <about/>
    <token>3f92cdef-1d8a-4f08-8468-9938dc9284ce</token>
    <country/>
    <location/>
    <lng>0</lng>
    <lat>0</lat>
    <dob/>
    <gender>0</gender>
    <userType>1</userType>
    <userStatus>1</userStatus>
    <profilePicture/>
    <coverPicture>Images/7da06d0e-e110-44e9-b417-4b014fe8a889.png</coverPicture>
    <enablefollowme>false</enablefollowme>
    <sendmenotifications>false</sendmenotifications>
    <sendTextmessages>false</sendTextmessages>
    <enabletagging>false</enabletagging>
    <createdAt>0001-01-01T00:00:00</createdAt>
    <updatedAt>2019-12-05T05:19:23.3650433</updatedAt>
    <livelng>77.3674236</livelng>
    <livelat>28.6260665</livelat>
    <liveLocation>35, Block A, Industrial Area, Sector 62, Noida, Uttar Pradesh 201309, India</liveLocation>
    <creditBalance>3</creditBalance>
    <myCash>0</myCash>
  </row>
  <row>
    <id>1005</id>
    <name>Test 3</name>
    <email>test@test.com</email>
    <password>123456</password>
    <about/>
    <token>cc2ed6c5-0a59-4aca-9b8e-a686e0a4fa03</token>
    <country/>
    <location/>
    <lng>0</lng>
    <lat>0</lat>
    <dob/>
    <gender>0</gender>
    <userType>1</userType>
    <userStatus>1</userStatus>
    <profilePicture/>
    <coverPicture>Images/6d9afca5-3e79-4979-9091-a83d8df7b388.png</coverPicture>
    <enablefollowme>false</enablefollowme>
    <sendmenotifications>false</sendmenotifications>
    <sendTextmessages>false</sendTextmessages>
    <enabletagging>false</enabletagging>
    <createdAt>0001-01-01T00:00:00</createdAt>
    <updatedAt>2019-12-05T05:19:29.704463</updatedAt>
    <livelng>0</livelng>
    <livelat>0</livelat>
    <liveLocation/>
    <creditBalance>44</creditBalance>
    <myCash>0</myCash>
  </row>
  <row>
    <id>1006</id>
    <name>Test 4</name>
    <email>test1@test.com</email>
    <password>123456</password>
    <about/>
    <token>f33f3325-bb08-41a5-b545-d2b5c443720f</token>
    <country/>
    <location/>
    <lng>0</lng>
    <lat>0</lat>
    <dob/>
    <gender>0</gender>
    <userType>1</userType>
    <userStatus>1</userStatus>
    <profilePicture>Images/b3f2677f-10a8-46e6-8d48-cfba2cc1e0b5.png</profilePicture>
    <coverPicture>Images/e9845113-f874-469d-8e89-53a86f351887.png</coverPicture>
    <enablefollowme>false</enablefollowme>
    <sendmenotifications>false</sendmenotifications>
    <sendTextmessages>false</sendTextmessages>
    <enabletagging>false</enabletagging>
    <createdAt>0001-01-01T00:00:00</createdAt>
    <updatedAt>2019-12-05T05:22:11.8963884</updatedAt>
    <livelng>0</livelng>
    <livelat>0</livelat>
    <liveLocation/>
    <creditBalance>1</creditBalance>
    <myCash>0</myCash>
  </row>
</root>