datum,kumulativni_pocet_nakazenych,kumulativni_pocet_vylecenych,kumulativni_pocet_umrti,kumulativni_pocet_testu,kumulativni_pocet_ag_testu,prirustkovy_pocet_nakazenych,prirustkovy_pocet_vylecenych,prirustkovy_pocet_umrti,prirustkovy_pocet_provedenych_testu,prirustkovy_pocet_provedenych_ag_testu
2020-01-27,0,0,0,20,0,0,0,0,20,0
2020-01-28,0,0,0,28,0,0,0,0,8,0
2020-01-29,0,0,0,33,0,0,0,0,5,0
2020-01-30,0,0,0,34,0,0,0,0,1,0
2020-01-31,0,0,0,37,0,0,0,0,3,0
2020-02-01,0,0,0,38,0,0,0,0,1,0
2020-02-02,0,0,0,43,0,0,0,0,5,0
2020-02-03,0,0,0,48,0,0,0,0,5,0
2020-02-04,0,0,0,53,0,0,0,0,5,0
2020-02-05,0,0,0,53,0,0,0,0,0,0
2020-02-06,0,0,0,56,0,0,0,0,3,0
2020-02-07,0,0,0,62,0,0,0,0,6,0
2020-02-08,0,0,0,62,0,0,0,0,0,0
2020-02-09,0,0,0,64,0,0,0,0,2,0
2020-02-10,0,0,0,72,0,0,0,0,8,0
2020-02-11,0,0,0,74,0,0,0,0,2,0
2020-02-12,0,0,0,75,0,0,0,0,1,0
2020-02-13,0,0,0,76,0,0,0,0,1,0
2020-02-14,0,0,0,76,0,0,0,0,0,0
2020-02-15,0,0,0,77,0,0,0,0,1,0
2020-02-16,0,0,0,78,0,0,0,0,1,0
2020-02-17,0,0,0,80,0,0,0,0,2,0
2020-02-18,0,0,0,80,0,0,0,0,0,0
2020-02-19,0,0,0,82,0,0,0,0,2,0
2020-02-20,0,0,0,82,0,0,0,0,0,0
2020-02-21,0,0,0,82,0,0,0,0,0,0
2020-02-22,0,0,0,83,0,0,0,0,1,0
2020-02-23,0,0,0,86,0,0,0,0,3,0
2020-02-24,0,0,0,98,0,0,0,0,12,0
2020-02-25,0,0,0,112,0,0,0,0,14,0
2020-02-26,0,0,0,135,0,0,0,0,23,0
2020-02-27,0,0,0,170,0,0,0,0,35,0
2020-02-28,0,0,0,193,0,0,0,0,23,0
2020-02-29,0,0,0,200,0,0,0,0,7,0
2020-03-01,3,0,0,211,0,3,0,0,11,0
2020-03-02,3,0,0,262,0,0,0,0,51,0
2020-03-03,5,0,0,340,0,2,0,0,78,0
2020-03-04,6,0,0,407,0,1,0,0,67,0
2020-03-05,9,0,0,483,0,3,0,0,76,0
2020-03-06,20,0,0,594,0,11,0,0,111,0
2020-03-07,27,0,0,787,0,7,0,0,193,0
2020-03-08,33,0,0,928,0,6,0,0,141,0
2020-03-09,39,0,0,1193,0,6,0,0,265,0
2020-03-10,64,0,0,1358,0,25,0,0,165,0
2020-03-11,95,0,0,1816,0,31,0,0,458,0
2020-03-12,117,0,0,2353,0,22,0,0,537,0
2020-03-13,142,0,0,3198,0,25,0,0,845,0
2020-03-14,190,1,0,4184,0,48,1,0,986,0
2020-03-15,299,4,0,5212,0,109,3,0,1028,0
2020-03-16,384,4,0,6531,0,85,0,0,1319,0
2020-03-17,451,4,0,7825,0,67,0,0,1294,0
2020-03-18,561,5,0,9581,0,110,1,0,1756,0
2020-03-19,767,6,0,11840,0,206,1,0,2259,0
2020-03-20,891,9,0,13961,0,124,3,0,2121,0
2020-03-21,1050,14,0,15843,0,159,5,0,1882,0
2020-03-22,1165,14,1,17644,0,115,0,1,1801,0
2020-03-23,1291,19,1,19935,0,126,5,0,2291,0
2020-03-24,1476,23,3,22997,0,185,4,2,3062,0
2020-03-25,1768,28,10,27104,0,292,5,7,4107,0
2020-03-26,2027,38,10,31737,0,259,10,0,4633,0
2020-03-27,2404,53,12,37096,0,377,15,2,5359,0
2020-03-28,2667,61,17,41320,0,263,8,5,4224,0
2020-03-29,2826,79,23,44168,0,159,18,6,2848,0
2020-03-30,3010,109,28,49327,0,184,30,5,5159,0
2020-03-31,3315,131,35,55988,0,305,22,7,6661,0
2020-04-01,3598,177,43,62090,0,283,46,8,6102,0
2020-04-02,3866,219,49,68763,0,268,42,6,6673,0
2020-04-03,4199,287,57,76161,0,333,68,8,7398,0
2020-04-04,4482,333,66,81998,0,283,46,9,5837,0
2020-04-05,4599,375,74,86810,0,117,42,8,4812,0
2020-04-06,4835,473,82,93245,0,236,98,8,6435,0
2020-04-07,5031,595,92,101418,0,196,122,10,8173,0
2020-04-08,5325,710,107,109887,0,294,115,15,8469,0
2020-04-09,5582,893,117,118067,0,257,183,10,8180,0
2020-04-10,5745,1042,128,123769,0,163,149,11,5702,0
2020-04-11,5915,1178,136,128660,0,170,136,8,4891,0
2020-04-12,6004,1290,146,131910,0,89,112,10,3250,0
2020-04-13,6072,1417,157,135125,0,68,127,11,3215,0
2020-04-14,6154,1617,166,141298,0,82,200,9,6173,0
2020-04-15,6314,1829,166,149774,0,160,212,0,8476,0
2020-04-16,6446,2107,168,158155,0,132,278,2,8381,0
2020-04-17,6562,2435,176,166443,0,116,328,8,8288,0
2020-04-18,6667,2604,180,172048,0,105,169,4,5605,0
2020-04-19,6759,2761,189,176075,0,92,157,9,4027,0
2020-04-20,6913,3003,196,182642,0,154,242,7,6567,0
2020-04-21,7046,3240,204,190983,0,133,237,8,8341,0
2020-04-22,7145,3552,206,199801,0,99,312,2,8818,0
2020-04-23,7200,3789,212,207702,0,55,237,6,7901,0
2020-04-24,7286,4051,218,214831,0,86,262,6,7129,0
2020-04-25,7365,4199,222,219277,0,79,148,4,4446,0
2020-04-26,7417,4281,224,222658,0,52,82,2,3381,0
2020-04-27,7458,4482,225,230412,0,41,201,1,7754,0
2020-04-28,7518,4651,229,239153,0,60,169,4,8741,0
2020-04-29,7593,4847,234,246475,0,75,196,5,7322,0
2020-04-30,7697,5057,242,253871,0,104,210,8,7396,0
2020-05-01,7752,5189,250,258368,0,55,132,8,4497,0
2020-05-02,7770,5287,251,262253,0,18,98,1,3885,0
2020-05-03,7796,5415,254,266134,0,26,128,3,3881,0
2020-05-04,7834,5582,259,273890,0,38,167,5,7756,0
2020-05-05,7911,5760,262,283273,0,77,178,3,9383,0
2020-05-06,7990,5940,265,291325,0,79,180,3,8052,0
2020-05-07,8048,6113,269,298924,0,58,173,4,7599,0
2020-05-08,8094,6184,274,303434,0,46,71,5,4510,0
2020-05-09,8112,6262,277,307222,0,18,78,3,3788,0
2020-05-10,8140,6315,280,311274,0,28,53,3,4052,0
2020-05-11,8196,6453,282,319083,0,56,138,2,7809,0
2020-05-12,8241,6544,285,327838,0,45,91,3,8755,0
2020-05-13,8291,6680,289,335525,0,50,136,4,7687,0
2020-05-14,8373,6786,292,342427,0,82,106,3,6902,0
2020-05-15,8428,6875,294,349217,0,55,89,2,6790,0
2020-05-16,8479,6918,295,353414,0,51,43,1,4197,0
2020-05-17,8499,6967,297,356967,0,20,49,2,3553,0
2020-05-18,8612,7063,300,364425,0,113,96,3,7458,0
2020-05-19,8674,7125,302,372761,0,62,62,2,8336,0
2020-05-20,8748,7216,307,380279,0,74,91,5,7518,0
2020-05-21,8783,7307,310,387569,0,35,91,3,7290,0
2020-05-22,8842,7368,312,395317,0,59,61,2,7748,0
2020-05-23,8919,7408,313,400376,0,77,40,1,5059,0
2020-05-24,8984,7440,314,404225,0,65,32,1,3849,0
2020-05-25,9031,7528,315,411733,0,47,88,1,7508,0
2020-05-26,9082,7609,316,418974,0,51,81,1,7241,0
2020-05-27,9119,7690,316,425820,0,37,81,0,6846,0
2020-05-28,9173,7738,318,431833,0,54,48,2,6013,0
2020-05-29,9230,7801,318,437946,0,57,63,0,6113,0
2020-05-30,9264,7842,318,441494,0,34,41,0,3548,0
2020-05-31,9302,7866,318,443635,0,38,24,0,2141,0
2020-06-01,9336,7941,320,449356,0,34,75,2,5721,0
2020-06-02,9399,8027,321,455834,0,63,86,1,6478,0
2020-06-03,9473,8106,322,461147,0,74,79,1,5313,0
2020-06-04,9534,8162,325,466158,0,61,56,3,5011,0
2020-06-05,9569,8230,325,470331,0,35,68,0,4173,0
2020-06-06,9607,8252,325,472481,0,38,22,0,2150,0
2020-06-07,9668,8276,326,474608,0,61,24,1,2127,0
2020-06-08,9737,8328,326,479292,0,69,52,0,4684,0
2020-06-09,9792,8376,327,483844,0,55,48,1,4552,0
2020-06-10,9865,8449,328,487912,0,73,73,1,4068,0
2020-06-11,9929,8496,329,491651,0,64,47,1,3739,0
2020-06-12,9981,8557,330,495377,0,52,61,1,3726,0
2020-06-13,10034,8580,330,497029,0,53,23,0,1652,0
2020-06-14,10067,8592,331,498150,0,33,12,1,1121,0
2020-06-15,10107,8633,332,501823,0,40,41,1,3673,0
2020-06-16,10154,8694,333,505846,0,47,61,1,4023,0
2020-06-17,10205,8752,334,509882,0,51,58,1,4036,0
2020-06-18,10323,8804,336,514285,0,118,52,2,4403,0
2020-06-19,10449,8857,337,517859,0,126,53,1,3574,0
2020-06-20,10492,8874,338,519558,0,43,17,1,1699,0
2020-06-21,10542,8891,339,520871,0,50,17,1,1313,0
2020-06-22,10606,8948,340,524781,0,64,57,1,3910,0
2020-06-23,10695,9004,340,529348,0,89,56,0,4567,0
2020-06-24,10822,9084,344,533635,0,127,80,4,4287,0
2020-06-25,10915,9171,344,537682,0,93,87,0,4047,0
2020-06-26,11083,9248,345,542215,0,168,77,1,4533,0
2020-06-27,11343,9271,346,544769,0,260,23,1,2554,0
2020-06-28,11648,9292,346,547192,0,305,21,0,2423,0
2020-06-29,11849,9346,346,551677,0,201,54,0,4485,0
2020-06-30,11998,9411,347,556089,0,149,65,1,4412,0
2020-07-01,12089,9536,347,560682,0,91,125,0,4593,0
2020-07-02,12222,9631,348,565347,0,133,95,1,4665,0
2020-07-03,12362,9722,348,570456,0,140,91,0,5109,0
2020-07-04,12483,9768,350,572143,0,121,46,2,1687,0
2020-07-05,12558,9800,352,573667,0,75,32,2,1524,0
2020-07-06,12609,9842,353,575381,0,51,42,1,1714,0
2020-07-07,12727,9949,353,579540,0,118,107,0,4159,0
2020-07-08,12856,10189,353,584946,0,129,240,0,5406,0
2020-07-09,12961,10325,354,589628,0,105,136,1,4682,0
2020-07-10,13102,10506,354,594961,0,141,181,0,5333,0
2020-07-11,13155,10704,354,597282,0,53,198,0,2321,0
2020-07-12,13214,10911,355,599069,0,59,207,1,1787,0
2020-07-13,13278,11195,356,603493,0,64,284,1,4424,0
2020-07-14,13383,11355,358,608295,0,105,160,2,4802,0
2020-07-15,13517,11475,358,612989,0,134,120,0,4694,0
2020-07-16,13654,11615,358,617719,0,137,140,0,4730,0
2020-07-17,13782,11795,360,622446,0,128,180,2,4727,0
2020-07-18,13894,11868,360,624780,0,112,73,0,2334,0
2020-07-19,13985,11916,361,626610,0,91,48,1,1830,0
2020-07-20,14153,12030,361,632395,0,168,114,0,5785,0
2020-07-21,14360,12151,363,638484,0,207,121,2,6089,0
2020-07-22,14605,12270,365,645093,0,245,119,2,6609,0
2020-07-23,14836,12368,366,650650,0,231,98,1,5557,0
2020-07-24,15114,12458,369,656888,0,278,90,3,6238,0
2020-07-25,15246,12519,371,660225,0,132,61,2,3337,0
2020-07-26,15360,12575,372,662011,0,114,56,1,1786,0
2020-07-27,15554,12702,374,668565,0,194,127,2,6554,0
2020-07-28,15830,12819,376,676474,0,276,117,2,7909,0
2020-07-29,16104,12936,378,683983,0,274,117,2,7509,0
2020-07-30,16358,13081,380,691606,0,254,145,2,7623,0
2020-07-31,16589,13274,382,699813,0,231,193,2,8207,0
2020-08-01,16713,13349,384,704521,0,124,75,2,4708,0
2020-08-02,16814,13442,386,707168,0,101,93,2,2647,0
2020-08-03,17022,13667,388,714914,0,208,225,2,7746,0
2020-08-04,17309,13900,390,723328,0,287,233,2,8414,0
2020-08-05,17550,14097,391,730273,0,241,197,1,6945,0
2020-08-06,17764,14330,392,737635,0,214,233,1,7362,0
2020-08-07,18086,14592,392,746841,0,322,262,0,9206,0
2020-08-08,18259,14713,392,752352,0,173,121,0,5511,0
2020-08-09,18381,14777,393,755280,0,122,64,1,2928,0
2020-08-10,18522,15083,393,761763,0,141,306,0,6483,0
2020-08-11,18810,15333,395,770456,0,288,250,2,8693,0
2020-08-12,19099,15565,395,778378,0,289,232,0,7922,0
2020-08-13,19429,15785,396,785790,0,330,220,1,7412,0
2020-08-14,19720,16032,398,793789,0,291,247,2,7999,0
2020-08-15,19917,16139,400,798902,0,197,107,2,5113,0
2020-08-16,20038,16214,402,801881,0,121,75,2,2979,0
2020-08-17,20229,16495,406,809133,0,191,281,4,7252,0
2020-08-18,20510,16771,406,816823,0,281,276,0,7690,0
2020-08-19,20823,17043,409,824478,0,313,272,3,7655,0
2020-08-20,21069,17286,412,832716,0,246,243,3,8238,0
2020-08-21,21574,17552,415,842428,0,505,266,3,9712,0
2020-08-22,21808,17678,415,847546,0,234,126,0,5118,0
2020-08-23,21944,17769,418,849950,0,136,91,3,2404,0
2020-08-24,22203,18050,419,857363,0,259,281,1,7413,0
2020-08-25,22567,18328,421,866126,0,364,278,2,8763,0
2020-08-26,22963,18600,422,875011,0,396,272,1,8885,0
2020-08-27,23313,18931,422,884209,0,350,331,0,9198,0
2020-08-28,23798,19198,422,895037,0,485,267,0,10828,0
2020-08-29,24118,19349,425,901610,0,320,151,3,6573,0
2020-08-30,24393,19446,426,905556,0,275,97,1,3946,0
2020-08-31,24649,19774,427,914927,0,256,328,1,9371,0
2020-09-01,25147,20053,428,926064,0,498,279,1,11137,0
2020-09-02,25792,20381,428,937874,0,645,328,0,11810,0
2020-09-03,26467,20751,432,949415,0,675,370,4,11541,0
2020-09-04,27264,21086,435,963069,0,797,335,3,13654,0
2020-09-05,27768,21249,440,970537,0,504,163,5,7468,0
2020-09-06,28178,21379,443,975074,0,410,130,3,4537,0
2020-09-07,28739,21799,445,986678,0,561,420,2,11604,0
2020-09-08,29900,22142,450,1002793,0,1161,343,5,16115,0
2020-09-09,31058,22549,453,1018300,0,1158,407,3,15507,0
2020-09-10,32441,23110,458,1034813,0,1383,561,5,16513,0
2020-09-11,33883,23982,461,1054030,0,1442,872,3,19217,0
2020-09-12,35420,24708,467,1067347,0,1537,726,6,13317,0
2020-09-13,36211,25411,472,1074437,0,791,703,5,7090,0
2020-09-14,37239,26388,478,1091955,0,1028,977,6,17518,0
2020-09-15,38915,26937,488,1112416,0,1676,549,10,20461,0
2020-09-16,41048,27275,495,1133003,0,2133,338,7,20587,0
2020-09-17,44173,28149,502,1156596,0,3125,874,7,23593,0
2020-09-18,46281,29200,514,1178176,0,2108,1051,12,21580,0
2020-09-19,48326,30250,522,1193407,0,2045,1050,8,15231,0
2020-09-20,49310,31441,528,1203968,0,984,1191,6,10561,0
2020-09-21,50787,33019,543,1223378,0,1477,1578,15,19410,0
2020-09-22,53174,34038,553,1245778,0,2387,1019,10,22400,0
2020-09-23,55479,34895,575,1268223,0,2305,857,22,22445,0
2020-09-24,58385,36425,585,1291386,0,2906,1530,10,23163,0
2020-09-25,61330,38371,595,1314518,0,2945,1946,10,23132,0
2020-09-26,63311,40037,611,1329906,0,1981,1666,16,15388,0
2020-09-27,64616,42059,627,1340374,0,1305,2022,16,10468,0
2020-09-28,65900,44032,638,1352592,0,1284,1973,11,12218,0
2020-09-29,67862,45764,659,1370914,0,1962,1732,21,18322,0
2020-09-30,70787,47082,675,1392006,0,2925,1318,16,21092,0
2020-10-01,74290,49063,704,1415927,0,3503,1981,29,23921,0
2020-10-02,78085,51487,725,1439566,0,3795,2424,21,23639,0
2020-10-03,80639,53734,738,1454767,0,2554,2247,13,15201,0
2020-10-04,82480,55934,773,1462543,0,1841,2200,35,7776,0
2020-10-05,85598,58828,802,1480311,0,3118,2894,29,17768,0
2020-10-06,90056,60834,840,1503364,0,4458,2006,38,23053,0
2020-10-07,95392,62358,891,1527415,0,5336,1524,51,24051,0
2020-10-08,100786,63930,917,1552488,0,5394,1572,26,25073,0
2020-10-09,109404,66182,978,1580231,0,8618,2252,61,27743,0
2020-10-10,114041,68885,1031,1598355,0,4637,2703,53,18124,0
2020-10-11,117145,71883,1074,1609859,0,3104,2998,43,11504,0
2020-10-12,121452,75616,1144,1631907,0,4307,3733,70,22048,0
2020-10-13,129776,78122,1197,1663545,0,8324,2506,53,31638,0
2020-10-14,139320,79901,1264,1698404,0,9544,1779,67,34859,0
2020-10-15,149044,83317,1327,1733209,0,9724,3416,63,34805,0
2020-10-16,160148,88463,1407,1771932,0,11104,5146,80,38723,0
2020-10-17,168861,93776,1488,1801211,0,8713,5313,81,29279,0
2020-10-18,173920,99284,1570,1818451,0,5059,5508,82,17240,0
2020-10-19,181997,105456,1680,1849616,0,8077,6172,110,31165,0
2020-10-20,193982,109936,1789,1890214,0,11985,4480,109,40598,0
2020-10-21,208953,113379,1920,1935459,0,14971,3443,131,45245,0
2020-10-22,223109,118369,2047,1981884,0,14156,4990,127,46425,0
2020-10-23,238357,126994,2172,2027136,0,15248,8625,125,45252,0
2020-10-24,250830,135338,2315,2066328,0,12473,8344,143,39192,0
2020-10-25,258130,146392,2469,2087921,0,7300,11054,154,21593,0
2020-10-26,268403,158349,2632,2123518,0,10273,11957,163,35597,0
2020-10-27,284070,167230,2827,2171016,0,15667,8881,195,47498,0
2020-10-28,297047,171591,2995,2211140,0,12977,4361,168,40124,0
2020-10-29,310097,184742,3194,2253717,0,13050,13151,199,42577,0
2020-10-30,323701,199443,3411,2300539,0,13604,14701,217,46822,0
2020-10-31,335129,213964,3604,2336835,0,11428,14521,193,36296,0
2020-11-01,341680,227850,3828,2357478,0,6551,13886,224,20643,0
2020-11-02,350921,243717,4051,2390206,188,9241,15867,223,32728,188
2020-11-03,363011,250407,4312,2433533,490,12090,6690,261,43327,302
2020-11-04,378737,256124,4540,2479017,1123,15726,5717,228,45484,633
2020-11-05,391972,273192,4736,2522250,1962,13235,17068,196,43233,839
2020-11-06,403518,290277,4953,2562575,2525,11546,17085,217,40325,563
2020-11-07,411239,297759,5156,2588818,2809,7721,7482,203,26243,284
2020-11-08,414850,312983,5362,2602545,3083,3611,15224,206,13727,274
2020-11-09,420899,327486,5548,2633012,4421,6049,14503,186,30467,1338
2020-11-10,429956,334194,5763,2670286,10699,9057,6708,215,37274,6278
2020-11-11,438875,339578,5947,2703224,24919,8919,5384,184,32938,14220
2020-11-12,446749,353537,6121,2734398,38243,7874,13959,174,31174,13324
2020-11-13,454107,366807,6302,2765695,51202,7358,13270,181,31297,12959
2020-11-14,458303,378873,6487,2781888,52871,4196,12066,185,16193,1669
2020-11-15,460194,390023,6639,2790909,55825,1891,11150,152,9021,2954
2020-11-16,465612,400181,6812,2816976,74524,5418,10158,173,26067,18699
2020-11-17,469858,404159,6951,2834566,79180,4246,3978,139,17590,4656
2020-11-18,475372,407438,7106,2859098,101937,5514,3279,155,24532,22757
2020-11-19,481842,416718,7240,2885802,109799,6470,9280,134,26704,7862
2020-11-20,487650,425805,7357,2911656,117954,5808,9087,117,25854,8155
2020-11-21,490841,433146,7489,2926240,126681,3191,7341,132,14584,8727
2020-11-22,492349,439495,7615,2933470,131909,1508,6349,126,7230,5228
2020-11-23,496728,446189,7744,2957130,173068,4379,6694,129,23660,41159
2020-11-24,502589,449189,7880,2981761,187601,5861,3000,136,24631,14533
2020-11-25,507518,451160,8003,3004411,202254,4929,1971,123,22650,14653
2020-11-26,511567,458523,8133,3024965,214960,4049,7363,130,20554,12706
2020-11-27,516029,461417,8271,3048360,227216,4462,2894,138,23395,12256
2020-11-28,518696,467899,8388,3060682,235803,2667,6482,117,12322,8587
2020-11-29,519770,473669,8483,3067132,239435,1074,5770,95,6450,3632
2020-11-30,523342,479107,8609,3089398,280306,3572,5438,126,22266,40871
2020-12-01,528522,481419,8709,3112582,297427,5180,2312,100,23184,17121
2020-12-02,533083,482843,8825,3135253,312425,4561,1424,116,22671,14998
2020-12-03,537707,488757,8927,3155979,324808,4624,5914,102,20726,12383
2020-12-04,542454,494066,9019,3178756,334146,4747,5309,92,22777,9338
2020-12-05,545766,498227,9148,3191740,337925,3312,4161,129,12984,3779
2020-12-06,546878,501969,9239,3198435,341319,1112,3742,91,6695,3394
2020-12-07,551129,506552,9333,3221348,367802,4251,4583,94,22913,26483
2020-12-08,556984,508316,9428,3247543,379563,5855,1764,95,26195,11761
2020-12-09,563399,509488,9510,3272811,390830,6415,1172,82,25268,11267
2020-12-10,569272,514620,9626,3298382,400309,5873,5132,116,25571,9479
2020-12-11,575482,519613,9731,3326847,411208,6210,4993,105,28465,10899
2020-12-12,579137,523724,9828,3342934,415455,3655,4111,97,16087,4247
2020-12-13,581135,527821,9936,3351910,419018,1998,4097,108,8976,3563
2020-12-14,586312,532581,10066,3378288,444402,5177,4760,130,26378,25384
2020-12-15,594222,534517,10171,3410463,457086,7910,1936,105,32175,12684
2020-12-16,602479,535981,10285,3442955,477039,8257,1464,114,32492,19953
2020-12-17,610093,542184,10391,3474258,495686,7614,6203,106,31303,18647
2020-12-18,618931,548367,10491,3508276,523119,8838,6183,100,34018,27433
2020-12-19,624257,553917,10605,3529621,537124,5326,5550,114,21345,14005
2020-12-20,627663,559379,10703,3541223,549374,3406,5462,98,11602,12250
2020-12-21,635618,565595,10807,3570759,598743,7955,6216,104,29536,49369
2020-12-22,646536,568247,10909,3607048,640328,10918,2652,102,36289,41585
2020-12-23,660680,570121,11024,3648916,685089,14144,1874,115,41868,44761
2020-12-24,665054,577710,11135,3659629,693822,4374,7589,111,10713,8733
2020-12-25,667726,585546,11241,3667448,700596,2672,7836,106,7819,6774
2020-12-26,670758,593308,11366,3676163,712148,3032,7762,125,8715,11552
2020-12-27,674544,600607,11474,3686646,724312,3786,7299,108,10483,12164
2020-12-28,685486,609015,11605,3714848,769969,10942,8408,131,28202,45657
2020-12-29,701969,613030,11737,3750923,801213,16483,4015,132,36075,31244
2020-12-30,719036,616248,11887,3786364,832929,17067,3218,150,35441,31716
2020-12-31,732352,627299,12016,3814271,852211,13316,11051,129,27907,19282
2021-01-01,735799,639547,12168,3820856,857277,3447,12248,152,6585,5066
2021-01-02,740786,650702,12320,3834305,872806,4987,11155,152,13449,15529
2021-01-03,747055,652792,12461,3849627,887141,6269,2090,141,15322,14335
2021-01-04,760019,655187,12613,3884807,942788,12964,2395,152,35180,55647
2021-01-05,777427,658995,12794,3928825,977910,17408,3808,181,44018,35122
2021-01-06,795205,663920,12956,3967876,1007808,17778,4925,162,39051,29898
2021-01-07,810097,678412,13143,4006850,1036089,14892,14492,187,38974,28281
2021-01-08,823204,694332,13340,4045613,1067006,13107,15920,197,38763,30917
2021-01-09,831655,710514,13505,4066697,1081369,8451,16182,165,21084,14363
2021-01-10,835969,719244,13689,4079016,1093923,4314,8730,184,12319,12554
2021-01-11,845361,721323,13852,4113026,1144123,9392,2079,163,34010,50200
2021-01-12,856177,728250,14029,4149388,1174461,10816,6927,177,36362,30338
2021-01-13,867110,734565,14193,4181763,1202653,10933,6315,164,32375,28192
2021-01-14,875219,752595,14374,4212070,1228860,8109,18030,181,30307,26207
2021-01-15,884549,770005,14539,4243268,1257851,9330,17410,165,31198,28991
2021-01-16,889794,784923,14695,4260659,1267813,5245,14918,156,17391,9962
2021-01-17,892438,798194,14853,4269497,1276611,2644,13271,158,8838,8798
2021-01-18,900118,810909,15013,4299312,1318453,7680,12715,160,29815,41842
2021-01-19,909737,816316,15170,4331112,1342162,9619,5407,157,31800,23709
2021-01-20,917966,820672,15318,4359860,1364756,8229,4356,148,28748,22594
2021-01-21,925505,832944,15470,4385005,1388047,7539,12272,152,25145,23291
2021-01-22,933978,843493,15606,4415405,1416447,8473,10549,136,30400,28400
2021-01-23,938219,853104,15749,4429543,1428903,4241,9611,143,14138,12456
2021-01-24,940619,861120,15894,4437436,1438965,2400,8016,145,7893,10062
2021-01-25,947600,869830,16034,4464707,1486354,6981,8710,140,27271,47389
2021-01-26,956799,873564,16177,4494158,1514564,9199,3734,143,29451,28210
2021-01-27,965307,876348,16337,4524647,1543348,8508,2784,160,30489,28784
2021-01-28,973321,886028,16472,4550467,1571629,8014,9680,135,25820,28281
2021-01-29,981379,894974,16624,4581805,1603041,8058,8946,152,31338,31412
2021-01-30,985437,902861,16750,4596236,1619591,4058,7887,126,14431,16550
2021-01-31,988013,909824,16870,4603875,1634434,2576,6963,120,7639,14843
2021-02-01,995250,917476,17003,4631383,1689573,7237,7652,133,27508,55139
2021-02-02,1004409,920677,17138,4661381,1723375,9159,3201,135,29998,33802
2021-02-03,1014079,923368,17275,4693179,1756478,9670,2691,137,31798,33103
2021-02-04,1022192,933180,17404,4720928,1790279,8113,9812,129,27749,33801
2021-02-05,1030824,942151,17531,4752128,1826759,8632,8971,127,31200,36480
2021-02-06,1035647,949845,17659,4767029,1843951,4823,7694,128,14901,17192
2021-02-07,1038100,956748,17790,4774849,1860692,2453,6903,131,7820,16741
2021-02-08,1045885,964497,17929,4800456,1916230,7785,7749,139,25607,55538
2021-02-09,1056174,967436,18062,4831834,1953160,10289,2939,133,31378,36930
2021-02-10,1065729,970086,18195,4861765,1988347,9555,2650,133,29931,35187
2021-02-11,1074757,979888,18325,4890010,2023784,9028,9802,130,28245,35437
2021-02-12,1083592,988919,18469,4921076,2064480,8835,9031,144,31066,40696
2021-02-13,1088736,997306,18586,4937536,2083969,5144,8387,117,16460,19489
2021-02-14,1091618,1004932,18736,4945927,2104506,2882,7626,150,8391,20537
2021-02-15,1100527,1013387,18866,4975061,2168198,8909,8455,130,29134,63692
2021-02-16,1113142,1016528,19016,5009605,2212745,12615,3141,150,34544,44547
2021-02-17,1124091,1019220,19148,5042392,2256304,10949,2692,132,32787,43559
2021-02-18,1135802,1029638,19321,5076471,2301476,11711,10418,173,34079,45172
2021-02-19,1147095,1039181,19502,5113983,2350474,11293,9543,181,37512,48998
2021-02-20,1153872,1048314,19679,5132794,2371704,6777,9133,177,18811,21230
2021-02-21,1157943,1056532,19827,5142371,2397195,4071,8218,148,9577,25491
2021-02-22,1169370,1065596,19992,5176276,2472444,11427,9064,165,33905,75249
2021-02-23,1185225,1069075,20140,5217192,2528587,15855,3479,148,40916,56143
2021-02-24,1199036,1072190,20283,5257372,2585579,13811,3115,143,40180,56992
2021-02-25,1213635,1084325,20465,5297142,2643549,14599,12135,182,39770,57970
2021-02-26,1228436,1095383,20657,5339031,2704447,14801,11058,192,41889,60898
2021-02-27,1236300,1106386,20850,5362097,2731688,7864,11003,193,23066,27241
2021-02-28,1240894,1117019,21033,5373804,2760126,4594,10633,183,11707,28438
2021-03-01,1253239,1128493,21238,5408926,2852668,12345,11474,205,35122,92542
2021-03-02,1270047,1133196,21430,5453509,2924258,16808,4703,192,44583,71590
2021-03-03,1285301,1137206,21631,5494674,3000293,15254,4010,201,41165,76035
2021-03-04,1299957,1152638,21849,5534535,3091623,14656,15432,218,39861,91330
2021-03-05,1313131,1167464,22035,5577333,3188258,13174,14826,186,42798,96635
2021-03-06,1322263,1181409,22244,5599342,3224577,9132,13945,209,22009,36319
2021-03-07,1326249,1194371,22448,5610441,3260450,3986,12962,204,11099,35873
2021-03-08,1336915,1207463,22684,5643249,3432985,10666,13092,236,32808,172535
2021-03-09,1352283,1212862,22915,5683340,3603799,15368,5399,231,40091,170814
2021-03-10,1366835,1217657,23144,5724327,3779006,14552,4795,229,40987,175207
2021-03-11,1378086,1218374,23373,5759612,3968620,11251,717,229,35285,189614
2021-03-12,1393066,1219159,23586,5799373,4129269,14980,785,213,39761,160649
2021-03-13,1400103,1219489,23764,5817214,4180225,7037,330,178,17841,50956
2021-03-14,1403438,1219772,23993,5825501,4232514,3335,283,229,8287,52289
2021-03-15,1414076,1236835,24231,5858978,4466128,10638,17063,238,33477,233614
2021-03-16,1428114,1252334,24450,5896342,4666836,14038,15499,219,37364,200708
2021-03-17,1440151,1267009,24649,5930684,4860284,12037,14675,199,34342,193448
2021-03-18,1450827,1280781,24863,5961535,5054664,10676,13772,214,30851,194380
2021-03-19,1460550,1294278,25036,5993630,5211326,9723,13497,173,32095,156662
2021-03-20,1466041,1299208,25221,6010737,5259523,5491,4930,185,17107,48197
2021-03-21,1468433,1303198,25414,6018690,5311582,2392,3990,193,7953,52059
2021-03-22,1476682,1319081,25624,6048289,5563016,8249,15883,210,29599,251434
2021-03-23,1487661,1333830,25817,6081832,5784383,10979,14749,193,33543,221367
2021-03-24,1496518,1347085,26002,6110050,5993686,8857,13255,185,28218,209303
2021-03-25,1504454,1359544,26163,6137780,6197749,7936,12459,161,27730,204063
2021-03-26,1512177,1371818,26318,6164884,6356040,7723,12274,155,27104,158291
2021-03-27,1516152,1376063,26499,6177510,6395969,3975,4245,181,12626,39929
2021-03-28,1517896,1379404,26616,6183819,6440514,1744,3341,117,6309,44545
2021-03-29,1524839,1393930,26797,6210822,6704610,6943,14526,181,27003,264096
2021-03-30,1533479,1406606,26968,6239795,6928327,8640,12676,171,28973,223717
2021-03-31,1540751,1417624,27121,6265801,7141229,7272,11018,153,26006,212902
2021-04-01,1547003,1427380,27273,6290636,7388485,6252,9756,152,24835,247256
2021-04-02,1550841,1436750,27377,6305264,7438833,3838,9370,104,14628,50348
2021-04-03,1553001,1439738,27503,6313639,7475829,2160,2988,126,8375,36996
2021-04-04,1554930,1442280,27649,6320734,7511745,1929,2542,146,7095,35916
2021-04-05,1556351,1453384,27773,6328331,7566687,1421,11104,124,7597,54942
2021-04-06,1561943,1463142,27887,6354013,7957338,5592,9758,114,25682,390651
2021-04-07,1569000,1471806,28008,6381813,8214281,7057,8664,121,27800,256943
2021-04-08,1574290,1478950,28130,6404153,8441999,5290,7144,122,22340,227718
2021-04-09,1579118,1486486,28237,6426880,8599520,4828,7536,107,22727,157521
2021-04-10,1581335,1488823,28347,6438002,8641514,2217,2337,110,11122,41994
2021-04-11,1582321,1490805,28440,6443868,8695239,986,1982,93,5866,53725
2021-04-12,1586189,1500353,28524,6465383,8978313,3868,9548,84,21515,283074
2021-04-13,1591260,1508031,28615,6489656,9231821,5071,7678,91,24273,253508
2021-04-14,1594979,1514706,28705,6510701,9457368,3719,6675,90,21045,225547
2021-04-15,1598249,1520828,28791,6528184,9678439,3270,6122,86,17483,221071
2021-04-16,1601468,1523312,28857,6547372,9821751,3219,2484,66,19188,143312
2021-04-17,1603010,1525377,28931,6557130,9862645,1542,2065,74,9758,40894
2021-04-18,1603847,1527121,29009,6563319,9921876,837,1744,78,6189,59231
2021-04-19,1607190,1528653,29081,6584924,10211251,3343,1532,72,21605,289375
2021-04-20,1611007,1536439,29145,6607230,10461134,3817,7786,64,22306,249883
2021-04-21,1613960,1542726,29209,6626452,10684941,2953,6287,64,19222,223807
2021-04-22,1616590,1547346,29265,6644610,10908676,2630,4620,56,18158,223735
2021-04-23,1619195,1551547,29319,6662835,11060230,2605,4201,54,18225,151554
2021-04-24,1620506,1552979,29376,6672057,11106040,1311,1432,57,9222,45810
2021-04-25,1621333,1554146,29429,6677460,11160644,827,1167,53,5403,54604
2021-04-26,1623923,1559729,29487,6698495,11452470,2590,5583,58,21035,291826
2021-04-27,1627167,1563874,29538,6718589,11702308,3244,4145,51,20094,249838
2021-04-28,1629656,1567449,29605,6738336,11930069,2489,3575,67,19747,227761
2021-04-29,1631886,1570485,29647,6757240,12161664,2230,3036,42,18904,231595
2021-04-30,1634056,1573514,29696,6776610,12314876,2170,3029,49,19370,153212
2021-05-01,1635228,1574529,29729,6786937,12349522,1172,1015,33,10327,34646
2021-05-02,1635738,1575324,29763,6792718,12418486,510,795,34,5781,68964
2021-05-03,1637959,1579830,29802,6812409,12748326,2221,4506,39,19691,329840
2021-05-04,1640377,1583085,29846,6832170,13019775,2418,3255,44,19761,271449
2021-05-05,1642250,1585840,29883,6848854,13259080,1873,2755,37,16684,239305
2021-05-06,1643827,1588436,29926,6864773,13494355,1577,2596,43,15919,235275
2021-05-07,1645465,1591170,29954,6882756,13651351,1638,2734,28,17983,156996
2021-05-08,1646194,1592015,29985,6894893,13688939,729,845,31,12137,37588
2021-05-09,1646579,1592653,30019,6900775,13756628,385,638,34,5882,67689
2021-05-10,1648124,1596461,30052,6923000,14092139,1545,3808,33,22225,335511
2021-05-11,1649815,1599127,30085,6940460,14355819,1691,2666,33,17460,263680
2021-05-12,1651080,1601509,30118,6955731,14590688,1265,2382,33,15271,234869
2021-05-13,1652304,1603610,30139,6970047,14831921,1224,2101,21,14316,241233
2021-05-14,1653357,1605757,30157,6987436,14992136,1053,2147,18,17389,160215
2021-05-15,1653954,1606414,30173,7002503,15030903,597,657,16,15067,38767
2021-05-16,1654211,1606984,30186,7009623,15096036,257,570,13,7120,65133
2021-05-17,1655345,1609815,30209,7046113,15459022,1134,2831,23,36490,362986
2021-05-18,1656546,1611818,30223,7070800,15737852,1201,2003,14,24687,278830
2021-05-19,1657326,1613644,30239,7096089,15985875,780,1826,16,25289,248023
2021-05-20,1658004,1615151,30256,7115428,16243288,678,1507,17,19339,257413
2021-05-21,1658677,1616701,30269,7143109,16434028,673,1550,13,27681,190740
2021-05-22,1659013,1617097,30280,7153012,16480819,336,396,11,9903,46791
2021-05-23,1659211,1617476,30292,7157476,16547670,198,379,12,4464,66851
2021-05-24,1659908,1619563,30299,7187767,16883658,697,2087,7,30291,335988
2021-05-25,1660569,1621042,30307,7209144,17125886,661,1479,8,21377,242228
2021-05-26,1661109,1622332,30317,7230958,17334755,540,1290,10,21814,208869
2021-05-27,1661616,1623402,30332,7248274,17552801,507,1070,15,17316,218046
2021-05-28,1662072,1624477,30339,7270251,17725929,456,1075,7,21977,173128
2021-05-29,1662294,1624838,30345,7279219,17772110,222,361,6,8968,46181
2021-05-30,1662407,1625146,30349,7283722,17831774,113,308,4,4503,59664
2021-05-31,1662922,1626570,30359,7312097,18140049,515,1424,10,28375,308275
2021-06-01,1663402,1627577,30365,7337844,18349599,480,1007,6,25747,209550
2021-06-02,1663755,1628304,30370,7364115,18533579,353,727,5,26271,183980
2021-06-03,1664183,1628948,30373,7390303,18731620,428,644,3,26188,198041
2021-06-04,1664506,1629630,30380,7416937,18888979,323,682,7,26634,157359
2021-06-05,1664659,1629857,30382,7428998,18926712,153,227,2,12061,37733
2021-06-06,1664757,1630030,30386,7434930,18975329,98,173,4,5932,48617
2021-06-07,1665054,1630904,30390,7466782,19214748,297,874,4,31852,239419
2021-06-08,1665439,1631519,30396,7490344,19388069,385,615,6,23562,173321
2021-06-09,1665690,1632052,30398,7520824,19541987,251,533,2,30480,153918
2021-06-10,1665880,1632521,30404,7541704,19713403,190,469,6,20880,171416
2021-06-11,1666060,1632926,30406,7569793,19860654,180,405,2,28089,147251
2021-06-12,1666133,1633082,30410,7582127,19896301,73,156,4,12334,35647
2021-06-13,1666174,1633196,30413,7588681,19938120,41,114,3,6554,41819
2021-06-14,1666349,1633863,30413,7622461,20148780,175,667,0,33780,210660
2021-06-15,1666558,1634305,30417,7650207,20305333,209,442,4,27746,156553
2021-06-16,1666687,1634664,30418,7681067,20449566,129,359,1,30860,144233
2021-06-17,1666845,1634960,30422,7710053,20620313,158,296,4,28986,170747
2021-06-18,1666989,1635254,30425,7747371,20761051,144,294,3,37318,140738
2021-06-19,1667052,1635379,30425,7760903,20796204,63,125,0,13532,35153
2021-06-20,1667109,1635457,30426,7767875,20832940,57,78,1,6972,36736
2021-06-21,1667228,1635884,30427,7798853,21015919,119,427,1,30978,182979
2021-06-22,1667340,1636153,30430,7824081,21145679,112,269,3,25228,129760
2021-06-23,1667446,1636357,30430,7848262,21273668,106,204,0,24181,127989
2021-06-24,1667543,1636536,30434,7878024,21418075,97,179,4,29762,144407
2021-06-25,1667675,1636715,30435,7906133,21536069,132,179,1,28109,117994
2021-06-26,1667743,1636753,30437,7930049,21565271,68,38,2,23916,29202
2021-06-27,1667801,1636804,30437,7937719,21597634,58,51,0,7670,32363
2021-06-28,1667953,1637035,30437,7970209,21757587,152,231,0,32490,159953
2021-06-29,1668109,1637189,30437,8014329,21854019,156,154,0,44120,96432
2021-06-30,1668246,1637295,30439,8053509,21952099,137,106,2,39180,98080
2021-07-01,1668413,1637415,30440,8102366,22031537,167,120,1,48857,79438
2021-07-02,1668578,1637541,30442,8152121,22139394,165,126,2,49755,107857
2021-07-03,1668704,1637590,30442,8189982,22180842,126,49,0,37861,41448
2021-07-04,1668812,1637638,30444,8202791,22215598,108,48,2,12809,34756
2021-07-05,1668942,1637764,30444,8215490,22249675,130,126,0,12699,34077
2021-07-06,1669052,1637854,30444,8225164,22280437,110,90,0,9674,30762
2021-07-07,1669332,1637977,30445,8248830,22339386,280,123,1,23666,58949
2021-07-08,1669581,1638080,30445,8280461,22401213,249,103,0,31631,61827
2021-07-09,1669866,1638187,30445,8318143,22499327,285,107,0,37682,98114
2021-07-10,1670023,1638250,30445,8343893,22544745,157,63,0,25750,45418
2021-07-11,1670171,1638331,30447,8358139,22598221,148,81,2,14246,53476
2021-07-12,1670416,1638503,30447,8388497,22686425,245,172,0,30358,88204
2021-07-13,1670738,1638655,30447,8419371,22749703,322,152,0,30874,63278
2021-07-14,1671000,1638835,30447,8448610,22806701,262,180,0,29239,56998
2021-07-15,1671226,1638985,30447,8485909,22885777,226,150,0,37299,79076
2021-07-16,1671468,1639147,30449,8532683,22996238,242,162,2,46774,110461
2021-07-17,1671665,1639231,30449,8565077,23049766,197,84,0,32394,53528
2021-07-18,1671781,1639321,30450,8579109,23103113,116,90,1,14032,53347
2021-07-19,1672000,1639464,30452,8609669,23187245,219,143,2,30560,84132
2021-07-20,1672300,1639593,30452,8640320,23238110,300,129,0,30651,50865
2021-07-21,1672532,1639898,30453,8669766,23290741,232,305,1,29446,52631
2021-07-22,1672729,1640164,30453,8707946,23370094,197,266,0,38180,79353
2021-07-23,1672918,1640423,30453,8755021,23489515,189,259,0,47075,119421
2021-07-24,1673043,1640555,30453,8785930,23549251,125,132,0,30909,59736
2021-07-25,1673124,1640686,30453,8801422,23603241,81,131,0,15492,53990
2021-07-26,1673322,1640979,30453,8833425,23686877,198,293,0,32003,83636
2021-07-27,1673576,1641287,30453,8868809,23744530,254,308,0,35384,57653
2021-07-28,1673768,1641517,30453,8901811,23804437,192,230,0,33002,59907
2021-07-29,1673973,1641761,30453,8941443,23885140,205,244,0,39632,80703
2021-07-30,1674111,1641991,30453,8992907,24005087,138,230,0,51464,119947
2021-07-31,1674226,1642128,30455,9030320,24063152,115,137,2,37413,58065
2021-08-01,1674303,1642237,30457,9045490,24114366,77,109,2,15170,51214
2021-08-02,1674455,1642532,30458,9079723,24199423,152,295,1,34233,85057
2021-08-03,1674693,1642798,30458,9119476,24252676,238,266,0,39753,53253
2021-08-04,1674901,1643009,30458,9150708,24306615,208,211,0,31232,53939
2021-08-05,1675065,1643205,30459,9191219,24377068,164,196,1,40511,70453
2021-08-06,1675239,1643383,30461,9244500,24485990,174,178,2,53281,108922
2021-08-07,1675393,1643478,30461,9283148,24537204,154,95,0,38648,51214
2021-08-08,1675499,1643581,30461,9302679,24588977,106,103,0,19531,51773
2021-08-09,1675670,1643837,30462,9336598,24672729,171,256,1,33919,83752
2021-08-10,1675930,1644029,30462,9374938,24726669,260,192,0,38340,53940
2021-08-11,1676149,1644231,30463,9407736,24780083,219,202,1,32798,53414
2021-08-12,1676339,1644405,30463,9446862,24852293,190,174,0,39126,72210
2021-08-13,1676558,1644536,30463,9500803,24965903,219,131,0,53941,113610
2021-08-14,1676700,1644625,30463,9540853,25025715,142,89,0,40050,59812
2021-08-15,1676777,1644712,30466,9557281,25077138,77,87,3,16428,51423
2021-08-16,1676992,1644939,30469,9592863,25155188,215,227,3,35582,78050
2021-08-17,1677292,1645140,30470,9626796,25202166,300,201,1,33933,46978
2021-08-18,1677500,1645349,30472,9658785,25251526,208,209,2,31989,49360
2021-08-19,1677665,1645534,30474,9695495,25316816,165,185,2,36710,65290
2021-08-20,1677835,1645704,30475,9742838,25422027,170,170,1,47343,105211
2021-08-21,1677969,1645789,30475,9772906,25470787,134,85,0,30068,48760
2021-08-22,1678076,1645894,30475,9789164,25519171,107,105,0,16258,48384
2021-08-23,1678287,1646180,30476,9820937,25588756,211,286,1,31773,69585
2021-08-24,1678535,1646385,30477,9850447,25635363,248,205,1,29510,46607
2021-08-25,1678782,1646608,30479,9876932,25681509,247,223,2,26485,46146
2021-08-26,1678993,1646796,30479,9906416,25746034,211,188,0,29484,64525
2021-08-27,1679175,1646989,30480,9937267,25838126,182,193,1,30851,92092
2021-08-28,1679308,1647079,30482,9955130,25876675,133,90,2,17863,38549
2021-08-29,1679389,1647197,30483,9964971,25907519,81,118,1,9841,30844
2021-08-30,1679630,1647492,30483,9993179,25964282,241,295,0,28208,56763
2021-08-31,1679922,1647717,30483,10032428,26016638,292,225,0,39249,52356
2021-09-01,1680184,1647919,30483,10081305,26060164,262,202,0,48877,43526
2021-09-02,1680489,1648083,30485,10142404,26109459,305,164,2,61099,49295
2021-09-03,1680796,1648276,30485,10166319,26186234,307,193,0,23915,76775
2021-09-04,1681002,1648388,30485,10183415,26216869,206,112,0,17096,30635
2021-09-05,1681142,1648489,30485,10192088,26241977,140,101,0,8673,25108
2021-09-06,1681534,1648755,30486,10239955,26292761,392,266,1,47867,50784
2021-09-07,1682117,1648987,30488,10283518,26324842,583,232,2,43563,32081
2021-09-08,1682498,1649214,30489,10311731,26366594,381,227,1,28213,41752
2021-09-09,1682916,1649385,30489,10339652,26427246,418,171,0,27921,60652
2021-09-10,1683360,1649590,30489,10368970,26506377,444,205,0,29318,79131
2021-09-11,1683610,1649683,30489,10386176,26539389,250,93,0,17206,33012
2021-09-12,1683746,1649826,30491,10394502,26566364,136,143,2,8326,26975
2021-09-13,1684238,1650109,30491,10416567,26619506,492,283,0,22065,53142
2021-09-14,1684793,1650364,30494,10439521,26658509,555,255,3,22954,39003
2021-09-15,1685316,1650691,30497,10463091,26702054,523,327,3,23570,43545
2021-09-16,1685871,1650953,30497,10488414,26761921,555,262,0,25323,59867
2021-09-17,1686314,1651244,30499,10517649,26857596,443,291,2,29235,95675
2021-09-18,1686615,1651389,30504,10534708,26895264,301,145,5,17059,37668
2021-09-19,1686802,1651555,30506,10542737,26923888,187,166,2,8029,28624
2021-09-20,1687283,1652213,30510,10567214,26979140,481,658,4,24477,55252
2021-09-21,1687879,1652616,30512,10591369,27018612,596,403,2,24155,39472
2021-09-22,1688402,1652993,30514,10617484,27059844,523,377,2,26115,41232
2021-09-23,1688885,1653425,30517,10650501,27116328,483,432,3,33017,56484
2021-09-24,1689391,1653840,30517,10686548,27206821,506,415,0,36047,90493
2021-09-25,1689805,1653993,30519,10705461,27241268,414,153,2,18913,34447
2021-09-26,1690054,1654173,30519,10713681,27266182,249,180,0,8220,24914
2021-09-27,1690725,1654761,30519,10737969,27318572,671,588,0,24288,52390
2021-09-28,1691198,1655315,30522,10752580,27339823,473,554,3,14611,21251
2021-09-29,1691930,1655867,30527,10774154,27392539,732,552,5,21574,52716
2021-09-30,1692851,1656333,30528,10803859,27448372,921,466,1,29705,55833
2021-10-01,1693678,1656789,30529,10832792,27529279,827,456,1,28933,80907
2021-10-02,1694230,1657003,30530,10847290,27558248,552,214,1,14498,28969
2021-10-03,1694548,1657237,30534,10855266,27581984,318,234,4,7976,23736
2021-10-04,1695350,1657882,30538,10877110,27629947,802,645,4,21844,47963
2021-10-05,1696460,1658429,30541,10899629,27662850,1110,547,3,22519,32903
2021-10-06,1697508,1658929,30546,10922538,27702754,1048,500,5,22909,39904
2021-10-07,1698497,1659404,30549,10947032,27755661,989,475,3,24494,52907
2021-10-08,1699514,1659932,30553,10974356,27838209,1017,528,4,27324,82548
2021-10-09,1700180,1660187,30556,10989659,27864447,666,255,3,15303,26238
2021-10-10,1700516,1660472,30560,10997578,27886842,336,285,4,7919,22395
2021-10-11,1701859,1661291,30565,11019016,27938185,1343,819,5,21438,51343
2021-10-12,1703366,1661641,30572,11043777,27972424,1507,350,7,24761,34239
2021-10-13,1704865,1662700,30578,11075421,28012791,1499,1059,6,31644,40367
2021-10-14,1706405,1663440,30584,11104619,28068590,1540,740,6,29198,55799
2021-10-15,1708188,1664269,30594,11136660,28155785,1783,829,10,32041,87195
2021-10-16,1709346,1664597,30602,11154331,28188497,1158,328,8,17671,32712
2021-10-17,1710141,1665009,30613,11164590,28212943,795,412,11,10259,24446
2021-10-18,1712670,1666173,30625,11191834,28268623,2529,1164,12,27244,55680
2021-10-19,1715919,1667094,30635,11225639,28306918,3249,921,10,33805,38295
2021-10-20,1719197,1668132,30642,11260079,28354471,3278,1038,7,34440,47553
2021-10-21,1722840,1669118,30652,11301942,28414799,3643,986,10,41863,60328
2021-10-22,1727076,1670084,30666,11347331,28508008,4236,966,14,45389,93209
2021-10-23,1729832,1670560,30679,11377407,28543313,2756,476,13,30076,35305
2021-10-24,1731669,1671095,30699,11394561,28571427,1837,535,20,17154,28114
2021-10-25,1735951,1672710,30719,11434989,28635599,4282,1615,20,40428,64172
2021-10-26,1742239,1674085,30735,11496653,28688736,6288,1375,16,61664,53137
2021-10-27,1748084,1675635,30756,11560901,28767168,5845,1550,21,64248,78432
2021-10-28,1752438,1677218,30782,11603131,28798999,4354,1583,26,42230,31831
2021-10-29,1758184,1679098,30808,11648079,28885811,5746,1880,26,44948,86812
2021-10-30,1763241,1679948,30831,11686125,28917947,5057,850,23,38046,32136
2021-10-31,1766013,1680933,30861,11710804,28955974,2772,985,30,24679,38027
2021-11-01,1773610,1684437,30892,11775021,29003566,7597,3504,31,64217,47592
2021-11-02,1783519,1687707,30927,11835125,29036561,9909,3270,35,60104,32995
2021-11-03,1792985,1691297,30972,11877960,29074220,9466,3590,45,42835,37659
2021-11-04,1801424,1694987,31017,11921637,29115077,8439,3690,45,43677,40857
2021-11-05,1810664,1699189,31074,11972007,29180247,9240,4202,57,50370,65170
2021-11-06,1816402,1701276,31124,12007115,29216825,5738,2087,50,35108,36578
2021-11-07,1819408,1703585,31162,12025402,29241591,3006,2309,38,18287,24766
2021-11-08,1828671,1710209,31208,12075247,29295464,9263,6624,46,49845,53873
2021-11-09,1843229,1715745,31268,12144423,29333580,14558,5536,60,69176,38116
2021-11-10,1856744,1721949,31339,12208549,29373927,13515,6204,71,64126,40347
2021-11-11,1867158,1725052,31407,12272689,29421675,10414,3103,68,64140,47748
2021-11-12,1881388,1732418,31474,12345120,29486335,14230,7366,67,72431,64660
2021-11-13,1890558,1736057,31542,12390569,29520563,9170,3639,68,45449,34228
2021-11-14,1896220,1736188,31601,12418620,29544360,5662,131,59,28051,23797
2021-11-15,1907770,1736601,31688,12485136,29598680,11550,413,87,66516,54320
2021-11-16,1930281,1737105,31742,12579817,29643267,22511,504,54,94681,44587
2021-11-17,1944400,1737399,31769,12632722,29663473,14119,294,27,52905,20206
